{"stats":{"minecraft:killed":{"minecraft:cave_spider":9,"minecraft:spider":7,"minecraft:skeleton":12,"minecraft:guardian":39,"minecraft:chicken":20,"minecraft:piglin_brute":16,"minecraft:magma_cube":12,"minecraft:pig":15,"minecraft:elder_guardian":1,"minecraft:creeper":2,"minecraft:sheep":6,"minecraft:pillager":67,"minecraft:zombie":5,"minecraft:donkey":1,"minecraft:ghast":2,"minecraft:cow":14,"minecraft:evoker":4,"minecraft:vex":2,"minecraft:vindicator":28,"minecraft:drowned":1,"minecraft:husk":19,"minecraft:rabbit":1,"minecraft:ravager":1},"minecraft:dropped":{"minecraft:iron_sword":5,"minecraft:warped_stem":5,"minecraft:brown_mushroom":3,"minecraft:cooked_beef":18,"minecraft:cooked_porkchop":9,"minecraft:orange_tulip":1,"minecraft:emerald":16,"magistuarmory:longbow":6,"minecraft:dirt":280,"minecraft:snowball":9,"minecraft:iron_pickaxe":4,"minecraft:white_wool":3,"mcwbridges:cobblestone_bridge":334,"minecraft:gravel":6,"minecraft:stone_axe":2,"minecraft:rotten_flesh":5,"minecraft:oak_planks":14,"minecraft:enchanted_golden_apple":1,"minecraft:glowstone_dust":3,"minecraft:cooked_mutton":10,"minecraft:azure_bluet":1,"minecraft:white_bed":1,"minecraft:beetroot_seeds":1,"minecraft:arrow":28,"minecraft:warped_wart_block":1,"minecraft:written_book":3,"minecraft:water_bucket":1,"minecraft:enchanted_book":2,"minecraft:bread":6,"minecraft:wheat_seeds":1,"minecraft:poisonous_potato":2,"minecraft:prismarine_shard":1,"minecraft:feather":1,"minecraft:iron_helmet":2,"minecraft:cobblestone":62,"minecraft:stick":4,"minecraft:oxeye_daisy":3,"minecraft:milk_bucket":1,"minecraft:torch":58,"minecraft:smooth_quartz":55,"minecraft:potion":1,"minecraft:green_carpet":1,"minecraft:iron_leggings":2,"minecraft:white_banner":1,"minecraft:iron_axe":2,"minecraft:iron_shovel":1,"minecraft:string":4,"minecraft:gray_carpet":4,"minecraft:pink_tulip":1,"minecraft:stone_sword":1,"minecraft:stone_shovel":1,"minecraft:chicken":1,"minecraft:iron_boots":3,"magistuarmory:hilt":4,"minecraft:totem_of_undying":2,"minecraft:cobblestone_slab":155,"minecraft:stone":1,"minecraft:shield":2,"minecraft:diamond_chestplate":1,"minecraft:iron_chestplate":3,"minecraft:diamond_boots":1,"minecraft:bow":1,"minecraft:wooden_pickaxe":1},"minecraft:used":{"minecraft:beetroot":11,"minecraft:chest":5,"minecraft:iron_sword":285,"minecraft:carrot":179,"minecraft:snowball":8,"minecraft:milk_bucket":7,"minecraft:wet_sponge":1,"minecraft:bow":41,"minecraft:written_book":3,"minecraft:blue_shulker_box":1,"minecraft:oak_sapling":13,"minecraft:cooked_cod":4,"minecraft:egg":108,"minecraft:potato":27,"minecraft:spruce_door":3,"minecraft:stone_pickaxe":258,"minecraft:prismarine":1,"minecraft:wooden_pickaxe":51,"minecraft:sandstone":49,"minecraft:sugar_cane":32,"minecraft:cookie":13,"minecraft:white_wool":1,"minecraft:golden_apple":3,"minecraft:blast_furnace":1,"minecraft:crossbow":1,"minecraft:lingering_potion":3,"magistuarmory:longbow":558,"minecraft:shears":4,"minecraft:bread":34,"minecraft:light_gray_concrete":40,"minecraft:stone_sword":37,"minecraft:dried_kelp":22,"minecraft:stone_shovel":259,"minecraft:spruce_planks":20,"minecraft:cooked_chicken":30,"minecraft:stone_hoe":6,"minecraft:netherrack":37,"minecraft:oak_door":5,"minecraft:light_gray_shulker_box":6,"minecraft:torch":109,"minecraft:dirt":126,"minecraft:anvil":1,"minecraft:twisting_vines":5,"minecraft:shulker_box":6,"minecraft:iron_axe":14,"minecraft:smooth_quartz":62,"mcwbridges:cobblestone_bridge":2,"minecraft:cooked_beef":9,"minecraft:light_gray_bed":8,"minecraft:wheat_seeds":148,"minecraft:cooked_mutton":3,"minecraft:water_bucket":37,"minecraft:birch_planks":19,"minecraft:baked_potato":43,"minecraft:black_shulker_box":5,"minecraft:fletching_table":2,"minecraft:cobblestone_slab":65,"minecraft:crafting_table":4,"magistuarmory:diamond_zweihander":271,"minecraft:white_bed":9,"minecraft:cod":4,"magistuarmory:diamond_flamebladedsword":57,"minecraft:cake":2,"minecraft:wooden_hoe":60,"minecraft:diamond_pickaxe":208,"minecraft:apple":14,"minecraft:iron_pickaxe":490,"minecraft:spruce_sapling":16,"minecraft:stone_axe":189,"minecraft:green_shulker_box":3,"minecraft:cobblestone":23,"minecraft:cooked_porkchop":33,"minecraft:bucket":42,"minecraft:pumpkin_pie":4,"minecraft:sea_pickle":4,"minecraft:smooth_stone":3},"minecraft:mined":{"minecraft:black_shulker_box":5,"minecraft:white_bed":12,"minecraft:oak_sapling":1,"minecraft:spruce_planks":1,"mcwbridges:cobblestone_bridge":1,"minecraft:red_nether_bricks":1,"minecraft:brewing_stand":9,"minecraft:granite":13,"minecraft:grass_block":165,"minecraft:stone_brick_wall":10,"minecraft:light_gray_bed":8,"minecraft:spawner":20,"minecraft:light_blue_stained_glass":5,"minecraft:smooth_stone":3,"minecraft:glowstone":4,"minecraft:iron_ore":252,"minecraft:fire":10,"minecraft:fletching_table":1,"minecraft:iron_bars":16,"minecraft:light_gray_concrete":41,"minecraft:brown_mushroom":3,"minecraft:twisting_vines_plant":1,"minecraft:torch":5,"minecraft:poppy":1,"minecraft:chest":2,"minecraft:glass":2,"minecraft:nether_quartz_ore":31,"minecraft:cobblestone":8,"minecraft:prismarine":2,"minecraft:sugar_cane":20,"minecraft:oak_planks":3,"minecraft:iron_door":2,"minecraft:wall_torch":2,"minecraft:seagrass":1,"minecraft:light_blue_terracotta":1,"minecraft:birch_log":6,"minecraft:wheat":114,"minecraft:birch_trapdoor":1,"minecraft:birch_door":1,"minecraft:grass":49,"minecraft:oak_log":74,"minecraft:sand":1,"minecraft:dirt":69,"minecraft:smooth_quartz":128,"minecraft:blue_shulker_box":1,"minecraft:netherrack":53,"minecraft:oak_leaves":108,"minecraft:red_stained_glass":1,"minecraft:sea_lantern":2,"minecraft:shulker_box":7,"minecraft:spruce_leaves":37,"minecraft:sandstone":8,"minecraft:spruce_sapling":6,"minecraft:carrots":89,"minecraft:snow":18,"minecraft:light_gray_shulker_box":6,"minecraft:black_concrete":1,"minecraft:gold_block":23,"minecraft:potatoes":31,"minecraft:cobblestone_slab":9,"minecraft:warped_stem":5,"minecraft:packed_ice":1,"minecraft:stone":216,"minecraft:cake":1,"minecraft:brain_coral":1,"minecraft:birch_stairs":4,"minecraft:dandelion":3,"minecraft:polished_granite":1,"minecraft:crafting_table":1,"minecraft:campfire":4,"minecraft:brain_coral_fan":2,"minecraft:tall_grass":33,"minecraft:smooth_red_sandstone_slab":3,"minecraft:lapis_ore":1,"minecraft:warped_wart_block":1,"minecraft:prismarine_bricks":8,"minecraft:birch_planks":1,"minecraft:green_shulker_box":3,"minecraft:sea_pickle":2,"minecraft:spruce_log":33,"minecraft:birch_leaves":1,"minecraft:coal_ore":57,"minecraft:gravel":56,"minecraft:gray_carpet":4,"minecraft:cobweb":79,"minecraft:gold_ore":2},"minecraft:crafted":{"minecraft:smooth_stone":3,"minecraft:oak_planks":96,"minecraft:cobblestone_slab":210,"minecraft:blaze_powder":5,"minecraft:cooked_chicken":24,"minecraft:stone":4,"minecraft:cooked_mutton":2,"minecraft:diamond_leggings":1,"minecraft:iron_boots":4,"minecraft:chest":3,"minecraft:stone_hoe":1,"minecraft:emerald":5,"minecraft:arrow":32,"minecraft:cooked_porkchop":21,"minecraft:crafting_table":3,"minecraft:spruce_planks":100,"minecraft:iron_helmet":3,"minecraft:baked_potato":33,"minecraft:wooden_pickaxe":1,"minecraft:fletching_table":1,"minecraft:birch_planks":24,"minecraft:wooden_hoe":1,"minecraft:iron_chestplate":3,"minecraft:diamond_pickaxe":1,"minecraft:charcoal":19,"minecraft:stick":104,"minecraft:iron_ingot":162,"minecraft:iron_pickaxe":2,"minecraft:iron_block":3,"minecraft:stone_sword":1,"magistuarmory:leather_strip":6,"minecraft:stone_shovel":2,"minecraft:furnace":1,"minecraft:blast_furnace":1,"magistuarmory:longbow":2,"magistuarmory:hilt":6,"minecraft:iron_axe":1,"minecraft:stone_pickaxe":2,"minecraft:diamond_boots":1,"magistuarmory:diamond_flamebladedsword":1,"minecraft:cooked_beef":14,"minecraft:dried_kelp":22,"minecraft:iron_sword":2,"minecraft:bucket":3,"minecraft:stone_axe":2,"minecraft:enchanted_book":3,"minecraft:air":0,"minecraft:iron_leggings":2,"minecraft:anvil":1,"minecraft:torch":184,"minecraft:diamond_chestplate":2},"minecraft:custom":{"minecraft:animals_bred":32,"minecraft:interact_with_crafting_table":68,"minecraft:open_barrel":23,"minecraft:open_shulker_box":70,"minecraft:bell_ring":1,"minecraft:eat_cake_slice":13,"minecraft:leave_game":12,"minecraft:time_since_death":103640,"minecraft:sprint_one_cm":1321442,"minecraft:drop":128,"minecraft:talked_to_villager":95,"minecraft:play_time":622962,"minecraft:deaths":24,"minecraft:jump":9496,"minecraft:interact_with_brewingstand":2,"minecraft:walk_on_water_one_cm":47042,"minecraft:interact_with_furnace":208,"minecraft:traded_with_villager":8,"minecraft:interact_with_cartography_table":1,"minecraft:sleep_in_bed":34,"minecraft:damage_dealt":27991,"minecraft:player_kills":3,"minecraft:crouch_one_cm":23913,"minecraft:interact_with_smoker":6,"minecraft:interact_with_anvil":9,"minecraft:mob_kills":308,"minecraft:climb_one_cm":2616,"minecraft:walk_one_cm":1873979,"minecraft:raid_win":1,"minecraft:sneak_time":14902,"minecraft:walk_under_water_one_cm":138844,"minecraft:interact_with_blast_furnace":11,"minecraft:total_world_time":623475,"minecraft:raid_trigger":1,"minecraft:time_since_rest":11569,"minecraft:damage_absorbed":120,"minecraft:damage_taken":17689,"minecraft:swim_one_cm":173939,"minecraft:fly_one_cm":1868450,"minecraft:open_chest":404,"minecraft:fall_one_cm":112332},"minecraft:killed_by":{"minecraft:evoker":2,"minecraft:piglin_brute":1,"minecraft:creeper":2,"minecraft:pillager":1,"minecraft:ravager":2,"minecraft:vindicator":8,"minecraft:vex":6,"minecraft:skeleton":1},"minecraft:picked_up":{"minecraft:birch_door":3,"minecraft:iron_chestplate":20,"minecraft:wheat":52,"minecraft:prismarine_shard":25,"minecraft:light_gray_shulker_box":6,"minecraft:lead":5,"minecraft:potion":15,"minecraft:brewing_stand":16,"minecraft:string":107,"minecraft:beetroot_soup":1,"minecraft:red_nether_bricks":1,"minecraft:iron_leggings":25,"minecraft:smooth_red_sandstone_slab":6,"minecraft:beetroot":4,"minecraft:sea_pickle":4,"minecraft:black_shulker_box":4,"minecraft:gold_nugget":20,"minecraft:smooth_stone":3,"minecraft:bucket":2,"minecraft:spruce_planks":1,"minecraft:white_tulip":1,"minecraft:written_book":4,"minecraft:cobblestone_slab":20,"minecraft:smooth_quartz":399,"minecraft:iron_pickaxe":18,"minecraft:enchanted_golden_apple":3,"minecraft:iron_boots":18,"minecraft:golden_helmet":3,"minecraft:stick":72,"minecraft:torch":170,"minecraft:porkchop":21,"minecraft:golden_axe":1,"magistuarmory:diamond_flamebladedsword":2,"minecraft:brown_carpet":2,"minecraft:stone_sword":1,"minecraft:honey_bottle":6,"minecraft:light_gray_bed":12,"minecraft:rotten_flesh":51,"mcwbridges:cobblestone_bridge":440,"minecraft:iron_bars":22,"minecraft:cod":4,"minecraft:snowball":69,"minecraft:cobblestone":336,"minecraft:birch_log":6,"minecraft:cooked_beef":22,"minecraft:feather":26,"minecraft:iron_door":3,"minecraft:water_bucket":7,"magistuarmory:diamond_zweihander":8,"minecraft:potato":52,"minecraft:flint":12,"minecraft:prismarine_bricks":4,"minecraft:green_shulker_box":3,"minecraft:lapis_lazuli":31,"minecraft:stripped_birch_log":6,"minecraft:dirt":535,"minecraft:twisting_vines":5,"minecraft:bone":30,"minecraft:bow":1,"minecraft:wheat_seeds":229,"minecraft:orange_tulip":3,"minecraft:raw_gold":2,"minecraft:prismarine":2,"minecraft:fletching_table":1,"minecraft:rabbit":1,"minecraft:glowstone_dust":22,"minecraft:stone_hoe":1,"minecraft:oak_planks":11,"minecraft:cooked_porkchop":42,"minecraft:warped_wart_block":1,"minecraft:poisonous_potato":5,"minecraft:sand":1,"minecraft:shulker_box":8,"minecraft:light_gray_concrete":40,"minecraft:light_blue_terracotta":4,"minecraft:soul_lantern":1,"minecraft:black_concrete":1,"minecraft:lever":4,"minecraft:crossbow":1,"minecraft:granite":13,"minecraft:grass":18,"minecraft:golden_apple":7,"minecraft:emerald":144,"minecraft:bread":21,"minecraft:oak_sapling":22,"minecraft:netherrack":84,"minecraft:lingering_potion":1,"minecraft:charcoal":22,"minecraft:crafting_table":1,"minecraft:azure_bluet":2,"minecraft:chicken":19,"minecraft:nether_wart":2,"minecraft:brown_mushroom":3,"minecraft:wooden_pickaxe":2,"minecraft:stone_brick_wall":10,"minecraft:gold_block":46,"minecraft:chain":1,"minecraft:shield":6,"minecraft:cornflower":1,"minecraft:iron_axe":16,"minecraft:iron_shovel":3,"minecraft:blue_orchid":3,"minecraft:beef":23,"minecraft:poppy":1,"minecraft:chest":2,"minecraft:quartz_stairs":2,"minecraft:blue_shulker_box":1,"minecraft:sugar_cane":42,"minecraft:egg":118,"minecraft:raw_iron":304,"minecraft:sandstone":125,"minecraft:oak_door":11,"minecraft:carrot":174,"minecraft:redstone":4,"minecraft:prismarine_crystals":11,"minecraft:stone_shovel":2,"minecraft:arrow":52,"minecraft:diamond_chestplate":2,"minecraft:cooked_cod":4,"minecraft:shears":2,"minecraft:pink_tulip":2,"minecraft:saddle":5,"minecraft:totem_of_undying":11,"minecraft:mutton":9,"minecraft:wet_sponge":1,"minecraft:rail":2,"minecraft:white_wool":6,"minecraft:oxeye_daisy":4,"minecraft:cut_sandstone":11,"minecraft:leather":9,"minecraft:birch_planks":1,"minecraft:oak_log":87,"minecraft:gunpowder":3,"minecraft:wooden_hoe":2,"minecraft:white_banner":6,"minecraft:cooked_mutton":16,"minecraft:apple":8,"minecraft:gray_carpet":25,"minecraft:warped_stem":5,"minecraft:rabbit_hide":1,"minecraft:iron_ingot":3,"minecraft:cooked_chicken":63,"minecraft:glass_bottle":2,"minecraft:iron_sword":19,"minecraft:milk_bucket":7,"minecraft:quartz":62,"minecraft:dandelion":3,"minecraft:gravel":62,"magistuarmory:longbow":19,"minecraft:birch_stairs":5,"minecraft:spruce_sapling":16,"minecraft:white_bed":15,"minecraft:spruce_log":40,"minecraft:green_carpet":1,"minecraft:spruce_door":3,"minecraft:spider_eye":9,"minecraft:stone_axe":7,"minecraft:tide_armor_trim_smithing_template":1,"minecraft:iron_helmet":9,"minecraft:baked_potato":12,"minecraft:coal":56,"minecraft:ender_pearl":4},"minecraft:broken":{"minecraft:stone_pickaxe":2,"minecraft:iron_sword":1,"minecraft:stone_shovel":1,"minecraft:iron_pickaxe":1,"minecraft:iron_helmet":1,"minecraft:wooden_hoe":1}},"DataVersion":3465}