{"stats":{"minecraft:killed":{"minecraft:evoker":3,"minecraft:vex":2,"minecraft:cave_spider":9,"minecraft:spider":2,"minecraft:vindicator":21,"minecraft:skeleton":10,"minecraft:chicken":7,"minecraft:husk":19,"minecraft:pig":11,"minecraft:rabbit":1,"minecraft:creeper":2,"minecraft:sheep":4,"minecraft:pillager":48,"minecraft:zombie":2,"minecraft:cow":5},"minecraft:dropped":{"minecraft:enchanted_book":1,"minecraft:water_bucket":1,"minecraft:iron_sword":5,"minecraft:wheat_seeds":1,"minecraft:cooked_beef":10,"minecraft:cooked_porkchop":6,"minecraft:feather":1,"minecraft:orange_tulip":1,"minecraft:iron_helmet":1,"minecraft:cobblestone":62,"minecraft:emerald":16,"minecraft:oxeye_daisy":3,"magistuarmory:longbow":6,"minecraft:dirt":279,"minecraft:torch":58,"minecraft:smooth_quartz":55,"minecraft:green_carpet":1,"minecraft:iron_leggings":2,"minecraft:white_banner":1,"minecraft:iron_axe":2,"minecraft:iron_pickaxe":3,"minecraft:iron_shovel":1,"minecraft:string":4,"minecraft:white_wool":3,"mcwbridges:cobblestone_bridge":334,"minecraft:gray_carpet":4,"minecraft:pink_tulip":1,"minecraft:stone_axe":2,"minecraft:stone_sword":1,"minecraft:stone_shovel":1,"minecraft:chicken":1,"minecraft:rotten_flesh":3,"minecraft:oak_planks":14,"minecraft:iron_boots":2,"minecraft:glowstone_dust":3,"minecraft:cooked_mutton":10,"minecraft:azure_bluet":1,"magistuarmory:hilt":4,"minecraft:totem_of_undying":2,"minecraft:cobblestone_slab":155,"minecraft:stone":1,"minecraft:shield":2,"minecraft:iron_chestplate":2,"minecraft:arrow":28,"minecraft:bow":1,"minecraft:wooden_pickaxe":1,"minecraft:written_book":3},"minecraft:used":{"minecraft:stone_sword":37,"minecraft:stone_shovel":259,"minecraft:chest":1,"minecraft:spruce_planks":20,"minecraft:iron_sword":285,"minecraft:cooked_chicken":14,"minecraft:stone_hoe":6,"minecraft:torch":90,"minecraft:dirt":126,"minecraft:anvil":1,"minecraft:carrot":111,"minecraft:snowball":8,"minecraft:iron_axe":14,"minecraft:smooth_quartz":2,"minecraft:bow":41,"minecraft:written_book":3,"minecraft:oak_sapling":12,"mcwbridges:cobblestone_bridge":2,"minecraft:egg":27,"minecraft:cooked_beef":6,"minecraft:potato":23,"minecraft:light_gray_bed":7,"minecraft:wheat_seeds":110,"minecraft:cooked_mutton":1,"minecraft:water_bucket":23,"minecraft:birch_planks":19,"minecraft:stone_pickaxe":258,"minecraft:baked_potato":14,"minecraft:fletching_table":2,"minecraft:wooden_pickaxe":51,"minecraft:sandstone":27,"minecraft:cobblestone_slab":65,"minecraft:sugar_cane":32,"minecraft:cookie":13,"minecraft:cake":2,"magistuarmory:diamond_zweihander":122,"minecraft:crafting_table":3,"minecraft:blast_furnace":1,"minecraft:crossbow":1,"minecraft:white_bed":4,"magistuarmory:longbow":93,"minecraft:shears":4,"minecraft:wooden_hoe":60,"minecraft:apple":11,"minecraft:iron_pickaxe":178,"minecraft:bread":19,"minecraft:spruce_sapling":16,"minecraft:stone_axe":189,"minecraft:cobblestone":3,"minecraft:cooked_porkchop":24,"minecraft:bucket":25,"minecraft:sea_pickle":4,"minecraft:smooth_stone":2},"minecraft:mined":{"minecraft:white_bed":6,"minecraft:spruce_planks":1,"minecraft:oak_sapling":1,"mcwbridges:cobblestone_bridge":1,"minecraft:red_stained_glass":1,"minecraft:brewing_stand":9,"minecraft:granite":13,"minecraft:grass_block":164,"minecraft:light_gray_bed":7,"minecraft:spruce_leaves":37,"minecraft:sandstone":4,"minecraft:spawner":12,"minecraft:light_blue_stained_glass":2,"minecraft:smooth_stone":2,"minecraft:glowstone":1,"minecraft:spruce_sapling":5,"minecraft:carrots":57,"minecraft:iron_ore":52,"minecraft:snow":18,"minecraft:black_concrete":1,"minecraft:fletching_table":1,"minecraft:potatoes":19,"minecraft:cobblestone_slab":9,"minecraft:packed_ice":1,"minecraft:stone":209,"minecraft:cake":1,"minecraft:brain_coral":1,"minecraft:dandelion":3,"minecraft:crafting_table":1,"minecraft:torch":2,"minecraft:poppy":1,"minecraft:smooth_red_sandstone_slab":3,"minecraft:campfire":4,"minecraft:brain_coral_fan":2,"minecraft:tall_grass":33,"minecraft:cobblestone":7,"minecraft:lapis_ore":1,"minecraft:oak_planks":3,"minecraft:sugar_cane":15,"minecraft:iron_door":2,"minecraft:wall_torch":1,"minecraft:seagrass":1,"minecraft:light_blue_terracotta":1,"minecraft:birch_planks":1,"minecraft:sea_pickle":2,"minecraft:birch_log":6,"minecraft:wheat":75,"minecraft:birch_trapdoor":1,"minecraft:spruce_log":33,"minecraft:birch_leaves":1,"minecraft:birch_door":1,"minecraft:grass":47,"minecraft:coal_ore":56,"minecraft:oak_log":66,"minecraft:smooth_quartz":76,"minecraft:dirt":67,"minecraft:sand":1,"minecraft:gray_carpet":3,"minecraft:cobweb":79,"minecraft:gold_ore":2,"minecraft:oak_leaves":99},"minecraft:crafted":{"minecraft:smooth_stone":3,"minecraft:oak_planks":64,"minecraft:cobblestone_slab":210,"minecraft:stone_shovel":2,"minecraft:cooked_chicken":11,"minecraft:furnace":1,"minecraft:blast_furnace":1,"minecraft:stone":4,"magistuarmory:longbow":2,"magistuarmory:hilt":6,"minecraft:iron_boots":1,"minecraft:iron_axe":1,"minecraft:stone_pickaxe":2,"minecraft:chest":1,"minecraft:stone_hoe":1,"minecraft:cooked_beef":4,"minecraft:arrow":28,"minecraft:cooked_porkchop":18,"minecraft:crafting_table":2,"minecraft:iron_helmet":1,"minecraft:spruce_planks":100,"minecraft:wooden_pickaxe":1,"minecraft:baked_potato":4,"minecraft:iron_sword":2,"minecraft:fletching_table":1,"minecraft:bucket":2,"minecraft:birch_planks":24,"minecraft:stone_axe":2,"minecraft:air":0,"minecraft:iron_chestplate":1,"minecraft:wooden_hoe":1,"minecraft:charcoal":19,"minecraft:stick":96,"minecraft:iron_ingot":162,"minecraft:iron_pickaxe":1,"minecraft:iron_block":3,"minecraft:stone_sword":1,"minecraft:iron_leggings":1,"minecraft:anvil":1,"minecraft:torch":176,"magistuarmory:leather_strip":6},"minecraft:killed_by":{"minecraft:evoker":2,"minecraft:creeper":2,"minecraft:pillager":1,"minecraft:vindicator":7,"minecraft:skeleton":1,"minecraft:vex":5},"minecraft:custom":{"minecraft:interact_with_anvil":2,"minecraft:mob_kills":161,"minecraft:animals_bred":9,"minecraft:interact_with_crafting_table":43,"minecraft:open_barrel":18,"minecraft:eat_cake_slice":5,"minecraft:leave_game":7,"minecraft:time_since_death":5756,"minecraft:climb_one_cm":2342,"minecraft:sprint_one_cm":811631,"minecraft:walk_one_cm":1212878,"minecraft:drop":99,"minecraft:talked_to_villager":57,"minecraft:play_time":350938,"minecraft:sneak_time":4171,"minecraft:deaths":18,"minecraft:walk_under_water_one_cm":16555,"minecraft:jump":5558,"minecraft:interact_with_blast_furnace":5,"minecraft:walk_on_water_one_cm":21482,"minecraft:total_world_time":351451,"minecraft:interact_with_furnace":116,"minecraft:interact_with_cartography_table":1,"minecraft:sleep_in_bed":24,"minecraft:time_since_rest":5808,"minecraft:damage_taken":10463,"minecraft:damage_dealt":19664,"minecraft:player_kills":1,"minecraft:swim_one_cm":30866,"minecraft:fly_one_cm":1037731,"minecraft:open_chest":207,"minecraft:crouch_one_cm":14337,"minecraft:interact_with_smoker":6,"minecraft:fall_one_cm":68767},"minecraft:picked_up":{"minecraft:birch_door":2,"minecraft:charcoal":22,"minecraft:iron_chestplate":15,"minecraft:crafting_table":1,"minecraft:wheat":28,"minecraft:azure_bluet":2,"minecraft:chicken":6,"minecraft:lead":5,"minecraft:wooden_pickaxe":2,"minecraft:potion":13,"minecraft:chain":1,"minecraft:brewing_stand":16,"minecraft:shield":6,"minecraft:cornflower":1,"minecraft:string":100,"minecraft:iron_axe":15,"minecraft:iron_leggings":20,"minecraft:iron_shovel":3,"minecraft:smooth_red_sandstone_slab":6,"minecraft:blue_orchid":3,"minecraft:beetroot":4,"minecraft:sea_pickle":4,"minecraft:smooth_stone":2,"minecraft:bucket":2,"minecraft:spruce_planks":1,"minecraft:beef":6,"minecraft:white_tulip":1,"minecraft:written_book":4,"minecraft:cobblestone_slab":20,"minecraft:smooth_quartz":195,"minecraft:poppy":1,"minecraft:iron_pickaxe":15,"minecraft:sugar_cane":32,"minecraft:iron_boots":14,"minecraft:egg":37,"minecraft:stick":60,"minecraft:raw_iron":98,"minecraft:sandstone":110,"minecraft:torch":153,"minecraft:porkchop":16,"minecraft:carrot":98,"minecraft:brown_carpet":2,"minecraft:stone_sword":1,"minecraft:arrow":40,"minecraft:light_gray_bed":9,"minecraft:stone_shovel":2,"minecraft:rotten_flesh":43,"mcwbridges:cobblestone_bridge":440,"minecraft:shears":2,"minecraft:pink_tulip":2,"minecraft:totem_of_undying":10,"minecraft:mutton":5,"minecraft:rail":2,"minecraft:snowball":60,"minecraft:white_wool":4,"minecraft:cobblestone":293,"minecraft:oxeye_daisy":4,"minecraft:birch_log":6,"minecraft:feather":7,"minecraft:cooked_beef":22,"minecraft:iron_door":3,"minecraft:water_bucket":3,"minecraft:cut_sandstone":11,"minecraft:leather":2,"magistuarmory:diamond_zweihander":4,"minecraft:potato":19,"minecraft:birch_planks":1,"minecraft:flint":9,"minecraft:oak_log":79,"minecraft:stripped_birch_log":6,"minecraft:gunpowder":2,"minecraft:wooden_hoe":2,"minecraft:lapis_lazuli":5,"minecraft:dirt":533,"minecraft:white_banner":4,"minecraft:cooked_mutton":16,"minecraft:bone":27,"minecraft:fletching_table":1,"minecraft:apple":8,"minecraft:gray_carpet":15,"minecraft:bow":1,"minecraft:wheat_seeds":147,"minecraft:orange_tulip":3,"minecraft:raw_gold":2,"minecraft:rabbit_hide":1,"minecraft:cooked_chicken":40,"minecraft:rabbit":1,"minecraft:glowstone_dust":3,"minecraft:iron_sword":17,"minecraft:stone_hoe":1,"minecraft:oak_planks":3,"minecraft:cooked_porkchop":33,"minecraft:dandelion":3,"magistuarmory:longbow":13,"minecraft:sand":1,"minecraft:spruce_sapling":16,"minecraft:white_bed":6,"minecraft:spruce_log":40,"minecraft:green_carpet":1,"minecraft:spider_eye":7,"minecraft:light_blue_terracotta":4,"minecraft:black_concrete":1,"minecraft:stone_axe":6,"minecraft:lever":4,"minecraft:iron_helmet":6,"minecraft:crossbow":1,"minecraft:granite":13,"minecraft:grass":18,"minecraft:emerald":24,"minecraft:baked_potato":10,"minecraft:oak_sapling":21,"minecraft:coal":55,"minecraft:ender_pearl":4},"minecraft:broken":{"minecraft:stone_pickaxe":2,"minecraft:iron_sword":1,"minecraft:wooden_hoe":1,"minecraft:stone_shovel":1}},"DataVersion":3465}