{"stats":{"minecraft:dropped":{"minecraft:wheat_seeds":1},"minecraft:used":{"minecraft:crafting_table":1,"minecraft:oak_sapling":2,"minecraft:wooden_pickaxe":27,"minecraft:egg":1},"minecraft:mined":{"minecraft:grass_block":3,"minecraft:oak_log":6,"minecraft:dirt":6,"minecraft:tall_grass":1,"minecraft:stone":18,"minecraft:oak_leaves":2},"minecraft:crafted":{"minecraft:oak_planks":24,"minecraft:crafting_table":1,"minecraft:wooden_pickaxe":1},"minecraft:custom":{"minecraft:time_since_rest":9975,"minecraft:sprint_one_cm":15665,"minecraft:play_time":9975,"minecraft:damage_taken":50,"minecraft:walk_one_cm":26088,"minecraft:walk_under_water_one_cm":650,"minecraft:drop":1,"minecraft:jump":124,"minecraft:damage_dealt":20,"minecraft:time_since_death":9975,"minecraft:leave_game":5,"minecraft:walk_on_water_one_cm":931,"minecraft:total_world_time":10488,"minecraft:interact_with_crafting_table":2,"minecraft:fall_one_cm":2565,"minecraft:fly_one_cm":21942},"minecraft:picked_up":{"minecraft:stick":2,"minecraft:wheat_seeds":2,"minecraft:oak_log":6,"minecraft:oak_sapling":2,"minecraft:dirt":9,"minecraft:cobblestone":18,"minecraft:egg":1}},"DataVersion":3465}