{"stats":{"minecraft:killed":{"minecraft:pig":1,"minecraft:skeleton":1,"minecraft:chicken":1,"minecraft:cow":1},"minecraft:dropped":{"minecraft:wheat_seeds":1,"minecraft:orange_tulip":1,"minecraft:cobblestone":52,"minecraft:rotten_flesh":3,"minecraft:oak_planks":14,"minecraft:emerald":7,"minecraft:oxeye_daisy":3,"minecraft:cobblestone_slab":145,"minecraft:dirt":162,"minecraft:green_carpet":1,"minecraft:written_book":1,"minecraft:pink_tulip":1},"minecraft:used":{"minecraft:wheat_seeds":34,"minecraft:water_bucket":20,"minecraft:stone_sword":5,"minecraft:birch_planks":1,"minecraft:stone_pickaxe":215,"minecraft:stone_shovel":235,"minecraft:chest":1,"minecraft:wooden_pickaxe":51,"minecraft:cobblestone_slab":65,"minecraft:stone_hoe":6,"minecraft:cooked_chicken":1,"minecraft:torch":51,"minecraft:dirt":106,"minecraft:crafting_table":3,"minecraft:carrot":31,"minecraft:shears":4,"minecraft:snowball":4,"minecraft:wooden_hoe":60,"minecraft:bread":16,"minecraft:stone_axe":110,"minecraft:cobblestone":3,"minecraft:written_book":3,"minecraft:oak_sapling":11,"minecraft:bucket":20,"minecraft:egg":5,"minecraft:light_gray_bed":1},"minecraft:mined":{"minecraft:dandelion":3,"minecraft:crafting_table":1,"minecraft:torch":1,"minecraft:grass_block":163,"minecraft:poppy":1,"minecraft:light_gray_bed":2,"minecraft:cobblestone":7,"minecraft:tall_grass":33,"minecraft:spruce_leaves":2,"minecraft:oak_planks":3,"minecraft:birch_log":6,"minecraft:iron_ore":8,"minecraft:birch_leaves":1,"minecraft:grass":46,"minecraft:cobblestone_slab":9,"minecraft:coal_ore":45,"minecraft:oak_log":53,"minecraft:dirt":46,"minecraft:packed_ice":1,"minecraft:stone":177,"minecraft:oak_leaves":46},"minecraft:crafted":{"minecraft:oak_planks":40,"minecraft:cobblestone_slab":210,"minecraft:stone_shovel":2,"minecraft:crafting_table":2,"minecraft:wooden_pickaxe":1,"minecraft:cooked_chicken":1,"minecraft:birch_planks":24,"minecraft:bucket":1,"minecraft:stone_axe":2,"minecraft:air":0,"minecraft:wooden_hoe":1,"minecraft:charcoal":19,"minecraft:stick":28,"minecraft:iron_ingot":3,"minecraft:stone_pickaxe":2,"minecraft:stone_sword":1,"minecraft:chest":1,"minecraft:torch":76,"minecraft:stone_hoe":1},"minecraft:killed_by":{"minecraft:skeleton":1,"minecraft:creeper":1},"minecraft:custom":{"minecraft:interact_with_furnace":9,"minecraft:mob_kills":4,"minecraft:interact_with_crafting_table":15,"minecraft:interact_with_cartography_table":1,"minecraft:leave_game":6,"minecraft:time_since_death":73875,"minecraft:sleep_in_bed":7,"minecraft:climb_one_cm":1116,"minecraft:time_since_rest":3082,"minecraft:sprint_one_cm":233356,"minecraft:damage_taken":1370,"minecraft:walk_one_cm":320096,"minecraft:drop":26,"minecraft:damage_dealt":545,"minecraft:talked_to_villager":27,"minecraft:fly_one_cm":229244,"minecraft:open_chest":38,"minecraft:crouch_one_cm":11071,"minecraft:play_time":99181,"minecraft:deaths":2,"minecraft:sneak_time":2958,"minecraft:walk_under_water_one_cm":5409,"minecraft:jump":1481,"minecraft:walk_on_water_one_cm":14030,"minecraft:total_world_time":99694,"minecraft:interact_with_smoker":1,"minecraft:fall_one_cm":25568},"minecraft:picked_up":{"minecraft:birch_log":6,"minecraft:crafting_table":1,"minecraft:azure_bluet":1,"minecraft:chicken":1,"minecraft:leather":2,"minecraft:wooden_pickaxe":2,"minecraft:oak_log":53,"minecraft:cornflower":1,"minecraft:wooden_hoe":2,"minecraft:dirt":305,"minecraft:bone":2,"minecraft:apple":3,"minecraft:blue_orchid":3,"minecraft:beetroot":4,"minecraft:wheat_seeds":16,"minecraft:orange_tulip":3,"minecraft:beef":2,"minecraft:white_tulip":1,"minecraft:cobblestone_slab":10,"minecraft:written_book":1,"minecraft:poppy":1,"minecraft:oak_planks":3,"minecraft:egg":8,"minecraft:stick":13,"minecraft:raw_iron":7,"minecraft:torch":1,"minecraft:dandelion":3,"minecraft:porkchop":2,"minecraft:green_carpet":1,"minecraft:rotten_flesh":7,"minecraft:arrow":5,"minecraft:light_gray_bed":2,"minecraft:stone_shovel":1,"minecraft:stone_axe":2,"minecraft:shears":2,"minecraft:grass":18,"minecraft:pink_tulip":2,"minecraft:oak_sapling":13,"minecraft:coal":45,"minecraft:mutton":1,"minecraft:cobblestone":244,"minecraft:oxeye_daisy":4,"minecraft:ender_pearl":2},"minecraft:broken":{"minecraft:stone_pickaxe":1,"minecraft:wooden_hoe":1,"minecraft:stone_shovel":1}},"DataVersion":3465}