{"stats":{"minecraft:killed":{"minecraft:cave_spider":21,"minecraft:witch":1,"minecraft:spider":21,"minecraft:skeleton":206,"minecraft:guardian":39,"minecraft:chicken":98,"minecraft:silverfish":10,"minecraft:piglin_brute":16,"minecraft:magma_cube":12,"minecraft:pig":42,"minecraft:zombie_villager":53,"minecraft:elder_guardian":1,"minecraft:creeper":26,"minecraft:sheep":17,"minecraft:pillager":80,"minecraft:goat":1,"minecraft:zombie":70,"minecraft:donkey":1,"minecraft:stray":5,"minecraft:ghast":3,"minecraft:cow":20,"minecraft:evoker":5,"minecraft:vex":4,"minecraft:vindicator":31,"minecraft:drowned":2,"minecraft:husk":116,"minecraft:rabbit":1,"minecraft:ravager":3,"minecraft:enderman":3},"minecraft:dropped":{"minecraft:iron_sword":5,"minecraft:warped_stem":5,"minecraft:brown_mushroom":3,"minecraft:lapis_lazuli":64,"minecraft:cooked_beef":18,"minecraft:cooked_porkchop":9,"minecraft:crossbow":2,"minecraft:orange_tulip":1,"minecraft:leather":4,"minecraft:saddle":2,"xpbook:xp_tome":1,"minecraft:elytra":3,"minecraft:leather_helmet":1,"minecraft:emerald":16,"magistuarmory:longbow":6,"minecraft:dirt":281,"minecraft:snowball":9,"minecraft:jungle_sapling":2,"minecraft:iron_pickaxe":5,"minecraft:white_wool":22,"mcwbridges:cobblestone_bridge":526,"minecraft:bone":4,"minecraft:gravel":6,"minecraft:stone_axe":2,"minecraft:sugar_cane":2,"minecraft:cooked_chicken":1,"minecraft:rotten_flesh":17,"minecraft:oak_planks":25,"minecraft:enchanted_golden_apple":1,"minecraft:glowstone_dust":3,"minecraft:cooked_mutton":10,"minecraft:azure_bluet":1,"minecraft:white_bed":1,"minecraft:tipped_arrow":4,"minecraft:gunpowder":5,"minecraft:beetroot_seeds":1,"minecraft:arrow":84,"minecraft:warped_wart_block":1,"minecraft:written_book":4,"minecraft:egg":9,"minecraft:crimson_planks":2,"minecraft:water_bucket":2,"minecraft:enchanted_book":2,"minecraft:iron_ingot":1,"minecraft:bread":6,"minecraft:wheat_seeds":4,"minecraft:poisonous_potato":2,"minecraft:prismarine_shard":1,"minecraft:iron_helmet":3,"minecraft:feather":10,"minecraft:cobblestone":62,"minecraft:amethyst_block":1,"minecraft:stick":11,"minecraft:end_rod":1,"minecraft:oxeye_daisy":3,"minecraft:milk_bucket":1,"minecraft:torch":64,"minecraft:smooth_quartz":55,"minecraft:potion":2,"minecraft:green_carpet":1,"minecraft:iron_leggings":3,"minecraft:white_banner":2,"minecraft:iron_axe":4,"minecraft:iron_shovel":2,"minecraft:string":8,"minecraft:smooth_sandstone":4,"minecraft:gray_carpet":4,"minecraft:pink_tulip":1,"minecraft:stone_sword":1,"minecraft:stone_shovel":1,"minecraft:chicken":1,"minecraft:iron_boots":4,"magistuarmory:hilt":4,"minecraft:totem_of_undying":2,"magistuarmory:diamond_flamebladedsword":1,"minecraft:cobblestone_slab":155,"minecraft:stone":1,"minecraft:shield":2,"minecraft:diamond_chestplate":2,"minecraft:diamond_pickaxe":1,"minecraft:iron_chestplate":4,"minecraft:oak_sapling":3,"minecraft:spider_eye":2,"minecraft:diamond_boots":1,"minecraft:bow":12,"minecraft:wooden_pickaxe":1,"minecraft:black_wool":1},"minecraft:used":{"minecraft:beetroot":11,"minecraft:moss_block":1,"minecraft:elytra":1,"minecraft:chest":8,"minecraft:iron_sword":285,"minecraft:rotten_flesh":156,"minecraft:carrot":281,"minecraft:snowball":15,"minecraft:milk_bucket":13,"minecraft:lava_bucket":3,"minecraft:wet_sponge":1,"minecraft:stone_bricks":26,"minecraft:bow":55,"minecraft:written_book":3,"minecraft:blue_shulker_box":1,"minecraft:oak_sapling":16,"minecraft:cooked_cod":4,"minecraft:egg":496,"minecraft:potato":27,"minecraft:dark_oak_sapling":7,"minecraft:mossy_stone_bricks":31,"minecraft:spruce_door":3,"minecraft:stone_pickaxe":258,"minecraft:prismarine":1,"minecraft:oak_planks":10,"minecraft:ender_pearl":4,"minecraft:wooden_pickaxe":51,"minecraft:sandstone":49,"minecraft:sugar_cane":76,"minecraft:composter":1,"minecraft:cookie":13,"minecraft:glow_berries":1,"minecraft:white_wool":4,"minecraft:golden_apple":5,"minecraft:blast_furnace":1,"minecraft:lingering_potion":5,"magistuarmory:longbow":2311,"minecraft:crossbow":1,"minecraft:shears":4,"minecraft:firework_rocket":78,"minecraft:gray_shulker_box":2,"minecraft:bread":34,"minecraft:light_gray_concrete":40,"minecraft:experience_bottle":97,"minecraft:trident":6,"minecraft:stone_sword":37,"minecraft:dried_kelp":22,"minecraft:stone_shovel":259,"minecraft:spruce_planks":20,"minecraft:stone_hoe":10,"minecraft:cooked_chicken":71,"minecraft:netherrack":41,"minecraft:oak_door":5,"minecraft:torch":136,"minecraft:light_gray_shulker_box":6,"minecraft:dirt":126,"minecraft:spyglass":11,"minecraft:anvil":1,"minecraft:twisting_vines":5,"minecraft:shulker_box":6,"minecraft:red_shulker_box":1,"minecraft:iron_axe":220,"minecraft:smooth_sandstone":6,"minecraft:smooth_quartz":73,"minecraft:diamond_chestplate":4,"mcwbridges:cobblestone_bridge":312,"minecraft:enchanted_golden_apple":1,"minecraft:cooked_beef":24,"minecraft:light_gray_bed":8,"minecraft:wheat_seeds":218,"minecraft:cooked_mutton":10,"minecraft:water_bucket":53,"minecraft:birch_planks":35,"minecraft:glass_bottle":3,"minecraft:baked_potato":43,"minecraft:black_shulker_box":5,"minecraft:fletching_table":2,"minecraft:cobblestone_slab":65,"minecraft:crafting_table":5,"magistuarmory:diamond_zweihander":271,"minecraft:red_bed":9,"minecraft:spider_eye":1,"minecraft:white_bed":10,"minecraft:cod":4,"magistuarmory:diamond_flamebladedsword":174,"minecraft:cake":2,"minecraft:wooden_hoe":60,"minecraft:ender_eye":9,"minecraft:diamond_pickaxe":842,"minecraft:apple":16,"minecraft:iron_pickaxe":490,"minecraft:leather_helmet":1,"minecraft:spruce_sapling":16,"minecraft:stone_axe":189,"minecraft:green_shulker_box":3,"minecraft:cobblestone":184,"minecraft:potion":4,"minecraft:cooked_porkchop":46,"minecraft:bucket":96,"minecraft:pumpkin_pie":4,"minecraft:sea_pickle":4,"minecraft:splash_potion":1,"minecraft:smooth_stone":3},"minecraft:mined":{"minecraft:black_shulker_box":5,"minecraft:spruce_planks":1,"minecraft:oak_sapling":1,"minecraft:white_bed":12,"mcwbridges:cobblestone_bridge":1,"minecraft:jungle_leaves":13,"minecraft:red_nether_bricks":1,"minecraft:brewing_stand":9,"minecraft:cave_vines_plant":1,"minecraft:granite":13,"minecraft:stone_brick_wall":10,"minecraft:grass_block":177,"minecraft:light_gray_bed":8,"minecraft:jungle_log":181,"minecraft:composter":1,"minecraft:spawner":30,"minecraft:light_blue_stained_glass":5,"minecraft:smooth_stone":3,"minecraft:glowstone":6,"minecraft:iron_ore":281,"minecraft:fire":12,"minecraft:fletching_table":1,"minecraft:iron_bars":16,"minecraft:light_gray_concrete":41,"minecraft:white_shulker_box":1,"minecraft:tripwire":10,"minecraft:brown_mushroom":3,"minecraft:red_bed":9,"minecraft:twisting_vines_plant":1,"minecraft:torch":17,"minecraft:poppy":3,"minecraft:chest":5,"minecraft:glass":2,"minecraft:cobblestone":34,"minecraft:nether_quartz_ore":31,"minecraft:oak_planks":4,"minecraft:sugar_cane":227,"minecraft:prismarine":2,"minecraft:iron_door":2,"minecraft:wall_torch":25,"minecraft:amethyst_block":1,"minecraft:seagrass":1,"minecraft:light_blue_terracotta":1,"minecraft:birch_log":11,"minecraft:wheat":188,"minecraft:blue_ice":1,"minecraft:birch_trapdoor":1,"minecraft:birch_door":1,"minecraft:grass":68,"minecraft:oak_log":86,"minecraft:dirt":74,"minecraft:dark_oak_sapling":1,"minecraft:crimson_planks":4,"minecraft:smooth_quartz":181,"minecraft:sand":6,"minecraft:blue_shulker_box":1,"minecraft:tripwire_hook":4,"minecraft:yellow_stained_glass":1,"minecraft:netherrack":56,"minecraft:stripped_crimson_stem":1,"minecraft:oak_leaves":123,"minecraft:light_blue_stained_glass_pane":1,"minecraft:blue_stained_glass_pane":1,"minecraft:red_stained_glass":1,"minecraft:gray_shulker_box":2,"minecraft:sea_lantern":2,"minecraft:shulker_box":7,"minecraft:light_blue_glazed_terracotta":1,"minecraft:spruce_leaves":37,"minecraft:moss_block":1,"minecraft:sandstone":9,"minecraft:redstone_ore":2,"minecraft:spruce_sapling":6,"minecraft:carrots":160,"minecraft:raw_gold_block":4,"minecraft:snow":18,"minecraft:light_gray_shulker_box":6,"minecraft:black_concrete":1,"minecraft:gold_block":23,"minecraft:mossy_stone_brick_stairs":2,"minecraft:cobblestone_slab":9,"minecraft:shroomlight":1,"minecraft:potatoes":31,"minecraft:deepslate_iron_ore":5,"minecraft:vine":14,"minecraft:warped_stem":5,"minecraft:packed_ice":4,"minecraft:smooth_quartz_stairs":2,"minecraft:bamboo":1,"minecraft:stone":573,"minecraft:white_wool":17,"minecraft:cake":1,"minecraft:brain_coral":1,"minecraft:podzol":4,"minecraft:birch_stairs":4,"minecraft:magenta_stained_glass":1,"minecraft:dandelion":3,"minecraft:polished_granite":1,"minecraft:smooth_sandstone":10,"minecraft:crafting_table":1,"minecraft:emerald_ore":4,"minecraft:campfire":4,"minecraft:brain_coral_fan":2,"minecraft:tall_grass":47,"minecraft:smooth_red_sandstone_slab":3,"minecraft:lapis_ore":8,"minecraft:deepslate_gold_ore":1,"minecraft:warped_wart_block":1,"minecraft:prismarine_bricks":8,"minecraft:birch_planks":1,"minecraft:coarse_dirt":4,"minecraft:green_shulker_box":3,"minecraft:sea_pickle":2,"minecraft:spruce_log":37,"minecraft:birch_leaves":1,"minecraft:coal_ore":64,"minecraft:end_rod":1,"minecraft:gravel":56,"minecraft:gray_carpet":4,"minecraft:cobweb":87,"minecraft:stone_bricks":23,"minecraft:mossy_stone_bricks":42,"minecraft:gold_ore":9,"minecraft:deepslate_emerald_ore":1},"minecraft:crafted":{"minecraft:smooth_stone":3,"minecraft:oak_planks":132,"minecraft:cobblestone_slab":210,"minecraft:music_disc_strad":5,"minecraft:cooked_chicken":59,"minecraft:blaze_powder":5,"minecraft:stone":4,"minecraft:cooked_mutton":2,"minecraft:glass":5,"minecraft:diamond_helmet":2,"minecraft:diamond_leggings":2,"minecraft:iron_boots":4,"minecraft:tipped_arrow":2,"minecraft:chest":4,"minecraft:stone_hoe":1,"minecraft:glass_bottle":3,"minecraft:arrow":40,"minecraft:emerald":170,"minecraft:cooked_porkchop":32,"minecraft:crafting_table":4,"minecraft:spruce_planks":116,"minecraft:iron_helmet":3,"minecraft:baked_potato":33,"minecraft:wooden_pickaxe":1,"minecraft:fletching_table":1,"minecraft:birch_planks":44,"minecraft:iron_chestplate":3,"minecraft:wooden_hoe":1,"minecraft:paper":174,"minecraft:diamond_pickaxe":1,"minecraft:charcoal":75,"minecraft:stick":128,"minecraft:iron_pickaxe":2,"minecraft:iron_ingot":200,"minecraft:iron_block":3,"minecraft:stone_sword":1,"xpbook:xp_tome":1,"minecraft:elytra":2,"minecraft:trident":2,"magistuarmory:leather_strip":6,"minecraft:golden_carrot":1,"minecraft:stone_shovel":2,"minecraft:experience_bottle":40,"minecraft:furnace":1,"minecraft:blast_furnace":1,"magistuarmory:longbow":5,"magistuarmory:hilt":9,"minecraft:iron_axe":2,"minecraft:stone_pickaxe":2,"minecraft:diamond_boots":2,"magistuarmory:diamond_flamebladedsword":1,"minecraft:cooked_beef":28,"minecraft:dried_kelp":22,"minecraft:iron_sword":2,"minecraft:bucket":36,"minecraft:stone_axe":2,"minecraft:enchanted_book":4,"minecraft:air":0,"minecraft:iron_leggings":2,"minecraft:anvil":1,"minecraft:white_bed":1,"minecraft:torch":196,"minecraft:diamond_chestplate":2},"minecraft:custom":{"minecraft:animals_bred":115,"minecraft:interact_with_crafting_table":108,"minecraft:open_barrel":23,"minecraft:open_shulker_box":143,"minecraft:bell_ring":1,"minecraft:eat_cake_slice":13,"minecraft:leave_game":26,"minecraft:time_since_death":48809,"minecraft:damage_resisted":70,"minecraft:sprint_one_cm":1969864,"minecraft:drop":214,"minecraft:talked_to_villager":160,"minecraft:play_time":1096189,"minecraft:deaths":75,"minecraft:jump":16144,"minecraft:interact_with_brewingstand":17,"minecraft:walk_on_water_one_cm":143250,"minecraft:interact_with_furnace":309,"minecraft:traded_with_villager":49,"minecraft:interact_with_cartography_table":1,"minecraft:sleep_in_bed":55,"minecraft:damage_dealt":32474,"minecraft:player_kills":12,"minecraft:crouch_one_cm":90833,"minecraft:interact_with_smoker":6,"minecraft:interact_with_smithing_table":4,"minecraft:interact_with_anvil":19,"minecraft:mob_kills":1016,"minecraft:climb_one_cm":45083,"minecraft:walk_one_cm":3335542,"minecraft:raid_win":2,"minecraft:sneak_time":43226,"minecraft:walk_under_water_one_cm":188181,"minecraft:interact_with_lectern":5,"minecraft:interact_with_blast_furnace":16,"minecraft:total_world_time":1096702,"minecraft:raid_trigger":1,"minecraft:time_since_rest":1474,"minecraft:damage_absorbed":322,"minecraft:damage_taken":39507,"minecraft:swim_one_cm":223952,"minecraft:fly_one_cm":3168457,"minecraft:open_chest":903,"minecraft:aviate_one_cm":1835641,"minecraft:fall_one_cm":219213},"minecraft:killed_by":{"minecraft:evoker":2,"minecraft:piglin_brute":1,"minecraft:creeper":3,"minecraft:pillager":1,"minecraft:ravager":2,"minecraft:vindicator":8,"minecraft:vex":6,"minecraft:husk":1,"minecraft:player":6,"minecraft:stray":2,"minecraft:enderman":2,"minecraft:skeleton":1},"minecraft:picked_up":{"minecraft:iron_chestplate":21,"minecraft:birch_door":3,"minecraft:wheat":116,"minecraft:prismarine_shard":25,"minecraft:light_gray_shulker_box":6,"minecraft:lead":5,"minecraft:enchanted_book":2,"minecraft:potion":16,"minecraft:crimson_planks":2,"minecraft:brewing_stand":16,"minecraft:amethyst_block":1,"minecraft:string":140,"minecraft:red_nether_bricks":1,"minecraft:iron_leggings":26,"minecraft:beetroot_soup":1,"minecraft:experience_bottle":57,"minecraft:shroomlight":1,"minecraft:beetroot":4,"minecraft:smooth_red_sandstone_slab":6,"minecraft:sea_pickle":4,"minecraft:diamond_leggings":3,"minecraft:smooth_stone":3,"minecraft:black_shulker_box":4,"minecraft:gold_nugget":20,"minecraft:cobbled_deepslate":2,"minecraft:bucket":3,"minecraft:spruce_planks":1,"minecraft:white_tulip":1,"minecraft:written_book":5,"minecraft:cobblestone_slab":20,"minecraft:iron_pickaxe":19,"minecraft:ender_eye":4,"minecraft:azalea":1,"minecraft:smooth_quartz":436,"minecraft:enchanted_golden_apple":7,"minecraft:smooth_quartz_stairs":2,"minecraft:iron_boots":20,"minecraft:tipped_arrow":18,"minecraft:golden_helmet":4,"minecraft:stick":97,"minecraft:composter":1,"minecraft:torch":212,"minecraft:porkchop":58,"minecraft:golden_axe":1,"magistuarmory:diamond_flamebladedsword":6,"minecraft:gray_shulker_box":2,"minecraft:brown_carpet":2,"minecraft:stone_sword":1,"minecraft:light_gray_bed":12,"minecraft:honey_bottle":6,"minecraft:rotten_flesh":323,"mcwbridges:cobblestone_bridge":952,"minecraft:end_rod":1,"minecraft:iron_bars":22,"minecraft:cod":4,"minecraft:snowball":94,"minecraft:cobblestone":990,"minecraft:birch_log":11,"minecraft:feather":93,"minecraft:cooked_beef":43,"minecraft:iron_door":3,"minecraft:water_bucket":10,"minecraft:jungle_log":284,"magistuarmory:diamond_zweihander":8,"minecraft:potato":52,"minecraft:flint":12,"minecraft:prismarine_bricks":4,"minecraft:green_shulker_box":3,"minecraft:lapis_lazuli":284,"minecraft:dirt":568,"minecraft:stripped_birch_log":6,"minecraft:twisting_vines":5,"minecraft:bone":227,"minecraft:bow":20,"minecraft:wheat_seeds":419,"minecraft:orange_tulip":3,"minecraft:raw_gold":13,"minecraft:popped_chorus_fruit":1,"minecraft:diamond_helmet":2,"minecraft:mossy_stone_bricks":45,"minecraft:bamboo":17,"minecraft:fletching_table":1,"minecraft:rabbit":1,"minecraft:glowstone_dust":22,"minecraft:moss_block":1,"minecraft:prismarine":2,"minecraft:oak_planks":37,"minecraft:stone_hoe":1,"minecraft:mossy_stone_brick_stairs":4,"minecraft:cooked_porkchop":72,"minecraft:warped_wart_block":1,"minecraft:poisonous_potato":5,"minecraft:sand":6,"minecraft:grass_block":1,"minecraft:shulker_box":8,"minecraft:light_gray_concrete":40,"minecraft:light_blue_terracotta":4,"minecraft:black_concrete":1,"minecraft:soul_lantern":1,"minecraft:lever":4,"magistuarmory:leather_strip":4,"minecraft:crossbow":3,"minecraft:granite":13,"minecraft:grass":18,"minecraft:golden_apple":7,"minecraft:emerald":208,"minecraft:bread":21,"minecraft:oak_sapling":31,"minecraft:netherrack":89,"minecraft:chorus_fruit":7,"minecraft:charcoal":22,"minecraft:diamond_pickaxe":4,"minecraft:lingering_potion":1,"minecraft:coarse_dirt":4,"minecraft:crafting_table":1,"minecraft:azure_bluet":2,"minecraft:splash_potion":1,"minecraft:chicken":55,"minecraft:nether_wart":2,"minecraft:brown_mushroom":3,"minecraft:wooden_pickaxe":2,"minecraft:stone_brick_wall":10,"minecraft:gold_block":46,"minecraft:chain":1,"minecraft:shield":7,"minecraft:cornflower":1,"minecraft:red_bed":12,"minecraft:elytra":5,"minecraft:iron_axe":20,"minecraft:iron_shovel":4,"minecraft:blue_orchid":3,"minecraft:mossy_cobblestone_wall":1,"minecraft:beef":26,"minecraft:jungle_sapling":4,"minecraft:poppy":3,"minecraft:sugar_cane":534,"minecraft:quartz_stairs":2,"minecraft:blue_shulker_box":1,"minecraft:chest":4,"minecraft:egg":527,"minecraft:dark_oak_sapling":1,"minecraft:raw_iron":346,"minecraft:sandstone":126,"minecraft:end_stone":1,"minecraft:stone":4,"minecraft:oak_door":11,"minecraft:carrot":323,"minecraft:redstone":15,"minecraft:prismarine_crystals":11,"minecraft:red_shulker_box":1,"minecraft:arrow":229,"minecraft:stone_shovel":2,"minecraft:diamond_chestplate":6,"minecraft:cooked_cod":4,"minecraft:shears":2,"minecraft:diamond_boots":2,"minecraft:pink_tulip":2,"minecraft:saddle":7,"minecraft:totem_of_undying":12,"minecraft:white_shulker_box":2,"minecraft:glow_berries":1,"minecraft:mutton":14,"minecraft:oxeye_daisy":4,"minecraft:white_wool":34,"minecraft:rail":2,"minecraft:wet_sponge":1,"minecraft:leather":20,"minecraft:cut_sandstone":11,"minecraft:birch_planks":30,"minecraft:oak_log":99,"minecraft:golden_boots":3,"minecraft:gunpowder":42,"minecraft:wooden_hoe":2,"minecraft:white_banner":7,"minecraft:cooked_mutton":38,"minecraft:smooth_sandstone":14,"minecraft:gray_carpet":25,"minecraft:apple":10,"minecraft:stone_bricks":32,"minecraft:warped_stem":5,"minecraft:rabbit_hide":1,"minecraft:iron_ingot":4,"minecraft:cooked_chicken":105,"minecraft:glass_bottle":2,"minecraft:iron_sword":19,"minecraft:milk_bucket":7,"minecraft:quartz":62,"minecraft:dandelion":3,"minecraft:spyglass":2,"minecraft:gravel":62,"minecraft:lava_bucket":2,"magistuarmory:longbow":22,"minecraft:birch_stairs":5,"minecraft:spruce_sapling":16,"minecraft:white_bed":15,"minecraft:spruce_log":44,"minecraft:spider_eye":21,"minecraft:green_carpet":1,"minecraft:spruce_door":3,"minecraft:leather_helmet":1,"minecraft:firework_rocket":128,"minecraft:music_disc_mall":1,"minecraft:stone_axe":8,"xpbook:xp_tome":3,"minecraft:tide_armor_trim_smithing_template":1,"minecraft:iron_helmet":11,"minecraft:baked_potato":12,"minecraft:black_wool":1,"minecraft:coal":64,"minecraft:ender_pearl":11},"minecraft:broken":{"minecraft:golden_boots":1,"minecraft:iron_boots":1,"minecraft:stone_pickaxe":2,"minecraft:iron_sword":1,"minecraft:stone_shovel":1,"minecraft:diamond_leggings":1,"minecraft:iron_pickaxe":1,"minecraft:iron_helmet":1,"minecraft:wooden_hoe":1}},"DataVersion":3465}