{"stats":{"minecraft:killed":{"minecraft:cave_spider":9,"minecraft:spider":2,"minecraft:skeleton":9,"minecraft:chicken":2,"minecraft:husk":19,"minecraft:pig":2,"minecraft:sheep":1,"minecraft:cow":3},"minecraft:dropped":{"minecraft:wheat_seeds":1,"minecraft:orange_tulip":1,"minecraft:cobblestone":56,"minecraft:emerald":7,"minecraft:oxeye_daisy":3,"minecraft:dirt":162,"minecraft:torch":11,"minecraft:green_carpet":1,"minecraft:pink_tulip":1,"minecraft:stone_axe":1,"minecraft:stone_sword":1,"minecraft:stone_shovel":1,"minecraft:rotten_flesh":3,"minecraft:oak_planks":14,"minecraft:azure_bluet":1,"minecraft:cobblestone_slab":155,"minecraft:wooden_pickaxe":1,"minecraft:written_book":1},"minecraft:used":{"minecraft:stone_sword":37,"minecraft:stone_shovel":259,"minecraft:chest":1,"minecraft:iron_sword":175,"minecraft:stone_hoe":6,"minecraft:cooked_chicken":1,"minecraft:torch":65,"minecraft:dirt":115,"minecraft:carrot":91,"minecraft:snowball":8,"minecraft:iron_axe":8,"minecraft:bow":24,"minecraft:written_book":3,"minecraft:oak_sapling":12,"minecraft:egg":6,"minecraft:potato":22,"minecraft:light_gray_bed":2,"minecraft:wheat_seeds":92,"minecraft:water_bucket":20,"minecraft:birch_planks":19,"minecraft:stone_pickaxe":258,"minecraft:baked_potato":14,"minecraft:wooden_pickaxe":51,"minecraft:sandstone":11,"minecraft:cobblestone_slab":65,"minecraft:crafting_table":3,"minecraft:shears":4,"minecraft:wooden_hoe":60,"minecraft:apple":11,"minecraft:bread":19,"minecraft:iron_pickaxe":6,"minecraft:spruce_sapling":16,"minecraft:stone_axe":189,"minecraft:cobblestone":3,"minecraft:cooked_porkchop":7,"minecraft:bucket":20,"minecraft:sea_pickle":4},"minecraft:mined":{"minecraft:oak_sapling":1,"minecraft:grass_block":164,"minecraft:light_gray_bed":3,"minecraft:spruce_leaves":37,"minecraft:sandstone":4,"minecraft:spawner":1,"minecraft:spruce_sapling":5,"minecraft:carrots":43,"minecraft:iron_ore":51,"minecraft:snow":18,"minecraft:potatoes":18,"minecraft:cobblestone_slab":9,"minecraft:packed_ice":1,"minecraft:stone":177,"minecraft:brain_coral":1,"minecraft:dandelion":3,"minecraft:crafting_table":1,"minecraft:torch":1,"minecraft:poppy":1,"minecraft:campfire":4,"minecraft:brain_coral_fan":2,"minecraft:tall_grass":33,"minecraft:cobblestone":7,"minecraft:oak_planks":3,"minecraft:seagrass":1,"minecraft:birch_planks":1,"minecraft:sea_pickle":2,"minecraft:birch_log":6,"minecraft:wheat":59,"minecraft:spruce_log":33,"minecraft:birch_leaves":1,"minecraft:grass":46,"minecraft:oak_log":66,"minecraft:coal_ore":45,"minecraft:sand":1,"minecraft:dirt":55,"minecraft:cobweb":75,"minecraft:oak_leaves":99},"minecraft:crafted":{"minecraft:oak_planks":64,"minecraft:stone_shovel":2,"minecraft:cobblestone_slab":210,"minecraft:cooked_chicken":6,"minecraft:iron_axe":1,"minecraft:stone_pickaxe":2,"minecraft:chest":1,"minecraft:stone_hoe":1,"minecraft:cooked_porkchop":14,"minecraft:crafting_table":2,"minecraft:wooden_pickaxe":1,"minecraft:baked_potato":4,"minecraft:iron_sword":2,"minecraft:bucket":1,"minecraft:birch_planks":24,"minecraft:stone_axe":2,"minecraft:air":0,"minecraft:wooden_hoe":1,"minecraft:charcoal":19,"minecraft:stick":76,"minecraft:iron_ingot":162,"minecraft:iron_pickaxe":1,"minecraft:stone_sword":1,"minecraft:torch":100},"minecraft:killed_by":{"minecraft:creeper":2,"minecraft:skeleton":1},"minecraft:custom":{"minecraft:mob_kills":49,"minecraft:animals_bred":9,"minecraft:interact_with_crafting_table":22,"minecraft:open_barrel":1,"minecraft:leave_game":6,"minecraft:time_since_death":51595,"minecraft:climb_one_cm":1116,"minecraft:sprint_one_cm":435867,"minecraft:walk_one_cm":600472,"minecraft:drop":34,"minecraft:talked_to_villager":37,"minecraft:play_time":183181,"minecraft:deaths":3,"minecraft:sneak_time":3110,"minecraft:walk_under_water_one_cm":7354,"minecraft:jump":2785,"minecraft:walk_on_water_one_cm":18296,"minecraft:total_world_time":183694,"minecraft:interact_with_furnace":62,"minecraft:interact_with_cartography_table":1,"minecraft:sleep_in_bed":11,"minecraft:time_since_rest":7391,"minecraft:damage_taken":3321,"minecraft:damage_dealt":5671,"minecraft:swim_one_cm":5765,"minecraft:fly_one_cm":478870,"minecraft:open_chest":100,"minecraft:crouch_one_cm":12003,"minecraft:interact_with_smoker":2,"minecraft:fall_one_cm":50359},"minecraft:picked_up":{"minecraft:charcoal":22,"minecraft:crafting_table":1,"minecraft:iron_chestplate":1,"minecraft:wheat":18,"minecraft:azure_bluet":2,"minecraft:chicken":1,"minecraft:lead":5,"minecraft:wooden_pickaxe":2,"minecraft:cornflower":1,"minecraft:string":85,"minecraft:iron_leggings":1,"minecraft:blue_orchid":3,"minecraft:beetroot":4,"minecraft:sea_pickle":4,"minecraft:bucket":1,"minecraft:beef":2,"minecraft:white_tulip":1,"minecraft:written_book":1,"minecraft:cobblestone_slab":20,"minecraft:poppy":1,"minecraft:egg":16,"minecraft:iron_boots":1,"minecraft:raw_iron":97,"minecraft:stick":38,"minecraft:sandstone":26,"minecraft:torch":27,"minecraft:porkchop":2,"minecraft:carrot":67,"minecraft:stone_shovel":2,"minecraft:light_gray_bed":4,"minecraft:stone_sword":1,"minecraft:arrow":32,"minecraft:rotten_flesh":41,"minecraft:shears":2,"minecraft:pink_tulip":2,"minecraft:mutton":2,"minecraft:cobblestone":251,"minecraft:snowball":60,"minecraft:white_wool":1,"minecraft:oxeye_daisy":4,"minecraft:birch_log":6,"minecraft:leather":2,"minecraft:potato":18,"minecraft:birch_planks":1,"minecraft:oak_log":79,"minecraft:dirt":353,"minecraft:wooden_hoe":2,"minecraft:bone":26,"minecraft:apple":8,"minecraft:bow":1,"minecraft:orange_tulip":3,"minecraft:wheat_seeds":110,"minecraft:oak_planks":3,"minecraft:stone_hoe":1,"minecraft:dandelion":3,"minecraft:sand":1,"minecraft:spruce_sapling":16,"minecraft:spruce_log":40,"minecraft:green_carpet":1,"minecraft:spider_eye":7,"minecraft:stone_axe":3,"minecraft:iron_helmet":1,"minecraft:grass":18,"minecraft:baked_potato":10,"minecraft:oak_sapling":21,"minecraft:coal":45,"minecraft:ender_pearl":4},"minecraft:broken":{"minecraft:stone_pickaxe":2,"minecraft:iron_sword":1,"minecraft:wooden_hoe":1,"minecraft:stone_shovel":1}},"DataVersion":3465}