{"stats":{"minecraft:killed":{"minecraft:cave_spider":9,"minecraft:spider":2,"minecraft:skeleton":10,"minecraft:chicken":7,"minecraft:pig":13,"minecraft:creeper":2,"minecraft:sheep":5,"minecraft:pillager":67,"minecraft:zombie":2,"minecraft:cow":6,"minecraft:evoker":4,"minecraft:vex":2,"minecraft:vindicator":28,"minecraft:husk":19,"minecraft:rabbit":1,"minecraft:ravager":1},"minecraft:dropped":{"minecraft:iron_sword":5,"minecraft:cooked_beef":18,"minecraft:cooked_porkchop":6,"minecraft:orange_tulip":1,"minecraft:emerald":16,"magistuarmory:longbow":6,"minecraft:dirt":279,"minecraft:iron_pickaxe":3,"mcwbridges:cobblestone_bridge":334,"minecraft:white_wool":3,"minecraft:gravel":6,"minecraft:stone_axe":2,"minecraft:rotten_flesh":3,"minecraft:oak_planks":14,"minecraft:enchanted_golden_apple":1,"minecraft:glowstone_dust":3,"minecraft:cooked_mutton":10,"minecraft:azure_bluet":1,"minecraft:beetroot_seeds":1,"minecraft:arrow":28,"minecraft:written_book":3,"minecraft:water_bucket":1,"minecraft:enchanted_book":1,"minecraft:bread":6,"minecraft:wheat_seeds":1,"minecraft:feather":1,"minecraft:iron_helmet":2,"minecraft:cobblestone":62,"minecraft:oxeye_daisy":3,"minecraft:torch":58,"minecraft:smooth_quartz":55,"minecraft:iron_leggings":2,"minecraft:green_carpet":1,"minecraft:white_banner":1,"minecraft:iron_axe":2,"minecraft:iron_shovel":1,"minecraft:string":4,"minecraft:gray_carpet":4,"minecraft:pink_tulip":1,"minecraft:stone_sword":1,"minecraft:stone_shovel":1,"minecraft:chicken":1,"minecraft:iron_boots":3,"magistuarmory:hilt":4,"minecraft:totem_of_undying":2,"minecraft:cobblestone_slab":155,"minecraft:stone":1,"minecraft:shield":2,"minecraft:iron_chestplate":3,"minecraft:bow":1,"minecraft:wooden_pickaxe":1},"minecraft:used":{"minecraft:chest":1,"minecraft:iron_sword":285,"minecraft:carrot":111,"minecraft:snowball":8,"minecraft:bow":41,"minecraft:written_book":3,"minecraft:blue_shulker_box":1,"minecraft:oak_sapling":13,"minecraft:egg":47,"minecraft:potato":23,"minecraft:stone_pickaxe":258,"minecraft:wooden_pickaxe":51,"minecraft:sandstone":49,"minecraft:sugar_cane":32,"minecraft:cookie":13,"minecraft:golden_apple":3,"minecraft:blast_furnace":1,"minecraft:crossbow":1,"minecraft:lingering_potion":3,"magistuarmory:longbow":168,"minecraft:shears":4,"minecraft:bread":34,"minecraft:stone_sword":37,"minecraft:stone_shovel":259,"minecraft:spruce_planks":20,"minecraft:cooked_chicken":17,"minecraft:stone_hoe":6,"minecraft:light_gray_shulker_box":6,"minecraft:torch":107,"minecraft:dirt":126,"minecraft:anvil":1,"minecraft:shulker_box":6,"minecraft:iron_axe":14,"minecraft:smooth_quartz":46,"mcwbridges:cobblestone_bridge":2,"minecraft:cooked_beef":8,"minecraft:light_gray_bed":8,"minecraft:wheat_seeds":110,"minecraft:cooked_mutton":3,"minecraft:water_bucket":23,"minecraft:birch_planks":19,"minecraft:baked_potato":14,"minecraft:black_shulker_box":5,"minecraft:fletching_table":2,"minecraft:cobblestone_slab":65,"minecraft:crafting_table":3,"magistuarmory:diamond_zweihander":195,"minecraft:white_bed":5,"minecraft:cake":2,"minecraft:wooden_hoe":60,"minecraft:diamond_pickaxe":208,"minecraft:apple":14,"minecraft:iron_pickaxe":326,"minecraft:spruce_sapling":16,"minecraft:stone_axe":189,"minecraft:green_shulker_box":3,"minecraft:cobblestone":3,"minecraft:cooked_porkchop":25,"minecraft:bucket":25,"minecraft:pumpkin_pie":4,"minecraft:sea_pickle":4,"minecraft:smooth_stone":3},"minecraft:mined":{"minecraft:black_shulker_box":5,"minecraft:spruce_planks":1,"minecraft:white_bed":8,"minecraft:oak_sapling":1,"mcwbridges:cobblestone_bridge":1,"minecraft:brewing_stand":9,"minecraft:granite":13,"minecraft:grass_block":164,"minecraft:stone_brick_wall":10,"minecraft:light_gray_bed":8,"minecraft:spawner":17,"minecraft:light_blue_stained_glass":5,"minecraft:smooth_stone":3,"minecraft:glowstone":2,"minecraft:iron_ore":252,"minecraft:fletching_table":1,"minecraft:iron_bars":16,"minecraft:torch":4,"minecraft:poppy":1,"minecraft:cobblestone":7,"minecraft:sugar_cane":15,"minecraft:oak_planks":3,"minecraft:iron_door":2,"minecraft:wall_torch":2,"minecraft:seagrass":1,"minecraft:light_blue_terracotta":1,"minecraft:birch_log":6,"minecraft:wheat":75,"minecraft:birch_trapdoor":1,"minecraft:birch_door":1,"minecraft:grass":49,"minecraft:oak_log":70,"minecraft:sand":1,"minecraft:dirt":69,"minecraft:smooth_quartz":128,"minecraft:blue_shulker_box":1,"minecraft:oak_leaves":102,"minecraft:red_stained_glass":1,"minecraft:sea_lantern":1,"minecraft:shulker_box":7,"minecraft:spruce_leaves":37,"minecraft:sandstone":8,"minecraft:spruce_sapling":5,"minecraft:carrots":57,"minecraft:snow":18,"minecraft:light_gray_shulker_box":6,"minecraft:black_concrete":1,"minecraft:potatoes":19,"minecraft:cobblestone_slab":9,"minecraft:packed_ice":1,"minecraft:stone":216,"minecraft:cake":1,"minecraft:brain_coral":1,"minecraft:birch_stairs":4,"minecraft:dandelion":3,"minecraft:polished_granite":1,"minecraft:crafting_table":1,"minecraft:campfire":4,"minecraft:brain_coral_fan":2,"minecraft:tall_grass":33,"minecraft:smooth_red_sandstone_slab":3,"minecraft:lapis_ore":1,"minecraft:birch_planks":1,"minecraft:green_shulker_box":3,"minecraft:sea_pickle":2,"minecraft:spruce_log":33,"minecraft:birch_leaves":1,"minecraft:coal_ore":57,"minecraft:gravel":56,"minecraft:gray_carpet":4,"minecraft:cobweb":79,"minecraft:gold_ore":2},"minecraft:crafted":{"minecraft:oak_planks":80,"minecraft:smooth_stone":3,"minecraft:cobblestone_slab":210,"minecraft:cooked_chicken":11,"minecraft:stone":4,"minecraft:cooked_mutton":2,"minecraft:iron_boots":3,"minecraft:chest":1,"minecraft:stone_hoe":1,"minecraft:arrow":28,"minecraft:cooked_porkchop":21,"minecraft:crafting_table":2,"minecraft:spruce_planks":100,"minecraft:iron_helmet":3,"minecraft:baked_potato":4,"minecraft:wooden_pickaxe":1,"minecraft:fletching_table":1,"minecraft:birch_planks":24,"minecraft:wooden_hoe":1,"minecraft:iron_chestplate":3,"minecraft:diamond_pickaxe":1,"minecraft:charcoal":19,"minecraft:stick":100,"minecraft:iron_ingot":162,"minecraft:iron_pickaxe":1,"minecraft:iron_block":3,"minecraft:stone_sword":1,"magistuarmory:leather_strip":6,"minecraft:stone_shovel":2,"minecraft:furnace":1,"minecraft:blast_furnace":1,"magistuarmory:longbow":2,"magistuarmory:hilt":6,"minecraft:iron_axe":1,"minecraft:stone_pickaxe":2,"minecraft:cooked_beef":14,"minecraft:iron_sword":2,"minecraft:bucket":2,"minecraft:stone_axe":2,"minecraft:air":0,"minecraft:iron_leggings":2,"minecraft:anvil":1,"minecraft:torch":176},"minecraft:custom":{"minecraft:animals_bred":9,"minecraft:interact_with_crafting_table":48,"minecraft:open_barrel":22,"minecraft:open_shulker_box":54,"minecraft:bell_ring":1,"minecraft:eat_cake_slice":13,"minecraft:leave_game":9,"minecraft:time_since_death":24789,"minecraft:sprint_one_cm":1007365,"minecraft:drop":107,"minecraft:talked_to_villager":71,"minecraft:play_time":432440,"minecraft:deaths":22,"minecraft:jump":6883,"minecraft:walk_on_water_one_cm":24339,"minecraft:interact_with_furnace":143,"minecraft:interact_with_cartography_table":1,"minecraft:sleep_in_bed":28,"minecraft:damage_dealt":24422,"minecraft:player_kills":1,"minecraft:crouch_one_cm":16135,"minecraft:interact_with_smoker":6,"minecraft:interact_with_anvil":2,"minecraft:mob_kills":195,"minecraft:climb_one_cm":2342,"minecraft:walk_one_cm":1501833,"minecraft:raid_win":1,"minecraft:sneak_time":4695,"minecraft:walk_under_water_one_cm":19802,"minecraft:interact_with_blast_furnace":8,"minecraft:total_world_time":432953,"minecraft:raid_trigger":1,"minecraft:time_since_rest":2730,"minecraft:damage_taken":13393,"minecraft:damage_absorbed":120,"minecraft:swim_one_cm":30866,"minecraft:fly_one_cm":1293753,"minecraft:open_chest":264,"minecraft:fall_one_cm":79113},"minecraft:killed_by":{"minecraft:evoker":2,"minecraft:creeper":2,"minecraft:pillager":1,"minecraft:ravager":2,"minecraft:vindicator":8,"minecraft:vex":6,"minecraft:skeleton":1},"minecraft:picked_up":{"minecraft:birch_door":3,"minecraft:iron_chestplate":19,"minecraft:wheat":28,"minecraft:light_gray_shulker_box":6,"minecraft:lead":5,"minecraft:potion":13,"minecraft:brewing_stand":16,"minecraft:string":100,"minecraft:iron_leggings":24,"minecraft:smooth_red_sandstone_slab":6,"minecraft:beetroot":4,"minecraft:sea_pickle":4,"minecraft:black_shulker_box":4,"minecraft:smooth_stone":3,"minecraft:bucket":2,"minecraft:spruce_planks":1,"minecraft:white_tulip":1,"minecraft:written_book":4,"minecraft:cobblestone_slab":20,"minecraft:smooth_quartz":280,"minecraft:iron_pickaxe":16,"minecraft:enchanted_golden_apple":1,"minecraft:iron_boots":17,"minecraft:stick":60,"minecraft:torch":170,"minecraft:porkchop":19,"minecraft:brown_carpet":2,"minecraft:stone_sword":1,"minecraft:light_gray_bed":12,"minecraft:rotten_flesh":43,"mcwbridges:cobblestone_bridge":440,"minecraft:iron_bars":22,"minecraft:snowball":60,"minecraft:cobblestone":300,"minecraft:birch_log":6,"minecraft:cooked_beef":22,"minecraft:feather":7,"minecraft:iron_door":3,"minecraft:water_bucket":7,"magistuarmory:diamond_zweihander":8,"minecraft:potato":19,"minecraft:flint":12,"minecraft:green_shulker_box":3,"minecraft:lapis_lazuli":5,"minecraft:stripped_birch_log":6,"minecraft:dirt":534,"minecraft:bone":27,"minecraft:bow":1,"minecraft:orange_tulip":3,"minecraft:wheat_seeds":147,"minecraft:raw_gold":2,"minecraft:rabbit":1,"minecraft:fletching_table":1,"minecraft:glowstone_dust":15,"minecraft:stone_hoe":1,"minecraft:oak_planks":11,"minecraft:cooked_porkchop":33,"minecraft:sand":1,"minecraft:shulker_box":8,"minecraft:light_blue_terracotta":4,"minecraft:black_concrete":1,"minecraft:lever":4,"minecraft:crossbow":1,"minecraft:granite":13,"minecraft:grass":18,"minecraft:golden_apple":7,"minecraft:emerald":26,"minecraft:bread":21,"minecraft:oak_sapling":22,"minecraft:lingering_potion":1,"minecraft:charcoal":22,"minecraft:crafting_table":1,"minecraft:azure_bluet":2,"minecraft:chicken":6,"minecraft:wooden_pickaxe":2,"minecraft:stone_brick_wall":10,"minecraft:chain":1,"minecraft:shield":6,"minecraft:cornflower":1,"minecraft:iron_axe":16,"minecraft:iron_shovel":3,"minecraft:blue_orchid":3,"minecraft:beef":9,"minecraft:poppy":1,"minecraft:blue_shulker_box":1,"minecraft:sugar_cane":32,"minecraft:egg":57,"minecraft:raw_iron":298,"minecraft:sandstone":125,"minecraft:carrot":98,"minecraft:redstone":4,"minecraft:prismarine_crystals":2,"minecraft:arrow":47,"minecraft:stone_shovel":2,"minecraft:shears":2,"minecraft:pink_tulip":2,"minecraft:saddle":5,"minecraft:totem_of_undying":11,"minecraft:mutton":7,"minecraft:white_wool":5,"minecraft:rail":2,"minecraft:oxeye_daisy":4,"minecraft:cut_sandstone":11,"minecraft:leather":3,"minecraft:birch_planks":1,"minecraft:oak_log":83,"minecraft:gunpowder":2,"minecraft:wooden_hoe":2,"minecraft:white_banner":6,"minecraft:cooked_mutton":16,"minecraft:apple":8,"minecraft:gray_carpet":25,"minecraft:rabbit_hide":1,"minecraft:cooked_chicken":41,"minecraft:iron_sword":18,"minecraft:dandelion":3,"minecraft:gravel":62,"magistuarmory:longbow":17,"minecraft:birch_stairs":5,"minecraft:spruce_sapling":16,"minecraft:white_bed":9,"minecraft:spruce_log":40,"minecraft:green_carpet":1,"minecraft:spider_eye":7,"minecraft:stone_axe":6,"minecraft:iron_helmet":7,"minecraft:baked_potato":10,"minecraft:coal":56,"minecraft:ender_pearl":4},"minecraft:broken":{"minecraft:stone_pickaxe":2,"minecraft:iron_sword":1,"minecraft:stone_shovel":1,"minecraft:iron_pickaxe":1,"minecraft:iron_helmet":1,"minecraft:wooden_hoe":1}},"DataVersion":3465}