{"stats":{"minecraft:killed":{"minecraft:cave_spider":9,"minecraft:spider":7,"minecraft:skeleton":19,"minecraft:guardian":39,"minecraft:chicken":44,"minecraft:piglin_brute":16,"minecraft:magma_cube":12,"minecraft:pig":15,"minecraft:elder_guardian":1,"minecraft:creeper":3,"minecraft:sheep":9,"minecraft:pillager":67,"minecraft:goat":1,"minecraft:zombie":13,"minecraft:donkey":1,"minecraft:ghast":2,"minecraft:cow":14,"minecraft:evoker":4,"minecraft:vex":2,"minecraft:vindicator":28,"minecraft:drowned":2,"minecraft:husk":19,"minecraft:rabbit":1,"minecraft:ravager":1,"minecraft:enderman":1},"minecraft:dropped":{"minecraft:iron_sword":5,"minecraft:warped_stem":5,"minecraft:brown_mushroom":3,"minecraft:cooked_beef":18,"minecraft:cooked_porkchop":9,"minecraft:orange_tulip":1,"minecraft:emerald":16,"magistuarmory:longbow":6,"minecraft:dirt":280,"minecraft:snowball":9,"minecraft:iron_pickaxe":4,"minecraft:white_wool":3,"mcwbridges:cobblestone_bridge":526,"minecraft:gravel":6,"minecraft:stone_axe":2,"minecraft:rotten_flesh":9,"minecraft:oak_planks":14,"minecraft:enchanted_golden_apple":1,"minecraft:glowstone_dust":3,"minecraft:cooked_mutton":10,"minecraft:azure_bluet":1,"minecraft:white_bed":1,"minecraft:beetroot_seeds":1,"minecraft:arrow":28,"minecraft:warped_wart_block":1,"minecraft:written_book":3,"minecraft:water_bucket":1,"minecraft:enchanted_book":2,"minecraft:bread":6,"minecraft:wheat_seeds":1,"minecraft:poisonous_potato":2,"minecraft:prismarine_shard":1,"minecraft:iron_helmet":2,"minecraft:feather":1,"minecraft:cobblestone":62,"minecraft:amethyst_block":1,"minecraft:stick":4,"minecraft:oxeye_daisy":3,"minecraft:milk_bucket":1,"minecraft:torch":64,"minecraft:smooth_quartz":55,"minecraft:potion":2,"minecraft:green_carpet":1,"minecraft:iron_leggings":2,"minecraft:white_banner":1,"minecraft:iron_axe":2,"minecraft:iron_shovel":1,"minecraft:string":4,"minecraft:gray_carpet":4,"minecraft:pink_tulip":1,"minecraft:stone_sword":1,"minecraft:stone_shovel":1,"minecraft:chicken":1,"minecraft:iron_boots":3,"magistuarmory:hilt":4,"minecraft:totem_of_undying":2,"minecraft:cobblestone_slab":155,"minecraft:stone":1,"minecraft:shield":2,"minecraft:diamond_chestplate":1,"minecraft:iron_chestplate":3,"minecraft:diamond_boots":1,"minecraft:bow":1,"minecraft:wooden_pickaxe":1},"minecraft:used":{"minecraft:beetroot":11,"minecraft:moss_block":1,"minecraft:chest":5,"minecraft:iron_sword":285,"minecraft:rotten_flesh":2,"minecraft:carrot":230,"minecraft:snowball":8,"minecraft:milk_bucket":10,"minecraft:wet_sponge":1,"minecraft:bow":41,"minecraft:written_book":3,"minecraft:blue_shulker_box":1,"minecraft:oak_sapling":16,"minecraft:cooked_cod":4,"minecraft:egg":176,"minecraft:potato":27,"minecraft:dark_oak_sapling":7,"minecraft:spruce_door":3,"minecraft:stone_pickaxe":258,"minecraft:prismarine":1,"minecraft:wooden_pickaxe":51,"minecraft:sandstone":49,"minecraft:sugar_cane":66,"minecraft:cookie":13,"minecraft:golden_apple":3,"minecraft:white_wool":3,"minecraft:glow_berries":1,"minecraft:blast_furnace":1,"minecraft:crossbow":1,"magistuarmory:longbow":613,"minecraft:lingering_potion":4,"minecraft:shears":4,"minecraft:bread":34,"minecraft:light_gray_concrete":40,"minecraft:stone_sword":37,"minecraft:dried_kelp":22,"minecraft:stone_shovel":259,"minecraft:spruce_planks":20,"minecraft:cooked_chicken":30,"minecraft:stone_hoe":10,"minecraft:netherrack":37,"minecraft:oak_door":5,"minecraft:light_gray_shulker_box":6,"minecraft:torch":134,"minecraft:dirt":126,"minecraft:anvil":1,"minecraft:twisting_vines":5,"minecraft:shulker_box":6,"minecraft:iron_axe":15,"minecraft:smooth_quartz":62,"mcwbridges:cobblestone_bridge":285,"minecraft:cooked_beef":19,"minecraft:light_gray_bed":8,"minecraft:wheat_seeds":185,"minecraft:cooked_mutton":3,"minecraft:water_bucket":40,"minecraft:birch_planks":19,"minecraft:glass_bottle":3,"minecraft:baked_potato":43,"minecraft:black_shulker_box":5,"minecraft:fletching_table":2,"minecraft:cobblestone_slab":65,"minecraft:crafting_table":4,"magistuarmory:diamond_zweihander":271,"minecraft:white_bed":10,"minecraft:cod":4,"magistuarmory:diamond_flamebladedsword":98,"minecraft:cake":2,"minecraft:wooden_hoe":60,"minecraft:diamond_pickaxe":628,"minecraft:apple":16,"minecraft:iron_pickaxe":490,"minecraft:spruce_sapling":16,"minecraft:stone_axe":189,"minecraft:green_shulker_box":3,"minecraft:cobblestone":135,"minecraft:potion":4,"minecraft:cooked_porkchop":33,"minecraft:bucket":45,"minecraft:pumpkin_pie":4,"minecraft:sea_pickle":4,"minecraft:smooth_stone":3},"minecraft:mined":{"minecraft:black_shulker_box":5,"minecraft:white_bed":12,"minecraft:spruce_planks":1,"minecraft:oak_sapling":1,"mcwbridges:cobblestone_bridge":1,"minecraft:red_nether_bricks":1,"minecraft:brewing_stand":9,"minecraft:cave_vines_plant":1,"minecraft:granite":13,"minecraft:stone_brick_wall":10,"minecraft:grass_block":177,"minecraft:light_gray_bed":8,"minecraft:spawner":20,"minecraft:light_blue_stained_glass":5,"minecraft:smooth_stone":3,"minecraft:glowstone":4,"minecraft:iron_ore":281,"minecraft:fire":12,"minecraft:fletching_table":1,"minecraft:iron_bars":16,"minecraft:light_gray_concrete":41,"minecraft:brown_mushroom":3,"minecraft:twisting_vines_plant":1,"minecraft:torch":6,"minecraft:poppy":2,"minecraft:chest":2,"minecraft:nether_quartz_ore":31,"minecraft:glass":2,"minecraft:cobblestone":16,"minecraft:oak_planks":3,"minecraft:sugar_cane":108,"minecraft:prismarine":2,"minecraft:iron_door":2,"minecraft:wall_torch":16,"minecraft:amethyst_block":1,"minecraft:seagrass":1,"minecraft:light_blue_terracotta":1,"minecraft:birch_log":6,"minecraft:wheat":152,"minecraft:birch_trapdoor":1,"minecraft:birch_door":1,"minecraft:grass":61,"minecraft:oak_log":82,"minecraft:dark_oak_sapling":1,"minecraft:smooth_quartz":128,"minecraft:dirt":70,"minecraft:sand":6,"minecraft:blue_shulker_box":1,"minecraft:netherrack":53,"minecraft:oak_leaves":116,"minecraft:red_stained_glass":1,"minecraft:sea_lantern":2,"minecraft:shulker_box":7,"minecraft:light_blue_glazed_terracotta":1,"minecraft:spruce_leaves":37,"minecraft:moss_block":1,"minecraft:sandstone":8,"minecraft:redstone_ore":2,"minecraft:spruce_sapling":6,"minecraft:carrots":120,"minecraft:snow":18,"minecraft:light_gray_shulker_box":6,"minecraft:black_concrete":1,"minecraft:gold_block":23,"minecraft:potatoes":31,"minecraft:deepslate_iron_ore":5,"minecraft:cobblestone_slab":9,"minecraft:warped_stem":5,"minecraft:packed_ice":4,"minecraft:stone":550,"minecraft:white_wool":14,"minecraft:cake":1,"minecraft:brain_coral":1,"minecraft:birch_stairs":4,"minecraft:dandelion":3,"minecraft:polished_granite":1,"minecraft:crafting_table":1,"minecraft:emerald_ore":4,"minecraft:campfire":4,"minecraft:brain_coral_fan":2,"minecraft:tall_grass":41,"minecraft:smooth_red_sandstone_slab":3,"minecraft:deepslate_gold_ore":1,"minecraft:lapis_ore":8,"minecraft:warped_wart_block":1,"minecraft:prismarine_bricks":8,"minecraft:birch_planks":1,"minecraft:green_shulker_box":3,"minecraft:sea_pickle":2,"minecraft:spruce_log":33,"minecraft:birch_leaves":1,"minecraft:coal_ore":64,"minecraft:gravel":56,"minecraft:gray_carpet":4,"minecraft:cobweb":79,"minecraft:gold_ore":9,"minecraft:deepslate_emerald_ore":1},"minecraft:crafted":{"minecraft:smooth_stone":3,"minecraft:oak_planks":128,"minecraft:cobblestone_slab":210,"minecraft:blaze_powder":5,"minecraft:cooked_chicken":48,"minecraft:stone":4,"minecraft:cooked_mutton":2,"minecraft:glass":5,"minecraft:diamond_helmet":1,"minecraft:diamond_leggings":1,"minecraft:iron_boots":4,"minecraft:chest":3,"minecraft:stone_hoe":1,"minecraft:glass_bottle":3,"minecraft:emerald":5,"minecraft:arrow":40,"minecraft:cooked_porkchop":21,"minecraft:crafting_table":3,"minecraft:spruce_planks":100,"minecraft:iron_helmet":3,"minecraft:baked_potato":33,"minecraft:wooden_pickaxe":1,"minecraft:fletching_table":1,"minecraft:birch_planks":24,"minecraft:wooden_hoe":1,"minecraft:iron_chestplate":3,"minecraft:diamond_pickaxe":1,"minecraft:charcoal":19,"minecraft:stick":112,"minecraft:iron_ingot":162,"minecraft:iron_pickaxe":2,"minecraft:iron_block":3,"minecraft:stone_sword":1,"magistuarmory:leather_strip":6,"minecraft:golden_carrot":1,"minecraft:stone_shovel":2,"minecraft:furnace":1,"minecraft:blast_furnace":1,"magistuarmory:longbow":3,"magistuarmory:hilt":7,"minecraft:iron_axe":2,"minecraft:stone_pickaxe":2,"minecraft:diamond_boots":1,"magistuarmory:diamond_flamebladedsword":1,"minecraft:cooked_beef":28,"minecraft:dried_kelp":22,"minecraft:iron_sword":2,"minecraft:bucket":3,"minecraft:stone_axe":2,"minecraft:enchanted_book":3,"minecraft:air":0,"minecraft:iron_leggings":2,"minecraft:anvil":1,"minecraft:white_bed":1,"minecraft:torch":196,"minecraft:diamond_chestplate":2},"minecraft:custom":{"minecraft:animals_bred":63,"minecraft:interact_with_crafting_table":85,"minecraft:open_barrel":23,"minecraft:open_shulker_box":75,"minecraft:bell_ring":1,"minecraft:eat_cake_slice":13,"minecraft:leave_game":16,"minecraft:time_since_death":54354,"minecraft:sprint_one_cm":1468086,"minecraft:drop":138,"minecraft:talked_to_villager":104,"minecraft:play_time":726372,"minecraft:deaths":25,"minecraft:jump":11016,"minecraft:interact_with_brewingstand":8,"minecraft:walk_on_water_one_cm":64230,"minecraft:interact_with_furnace":236,"minecraft:traded_with_villager":8,"minecraft:interact_with_cartography_table":1,"minecraft:sleep_in_bed":39,"minecraft:damage_dealt":29110,"minecraft:player_kills":3,"minecraft:crouch_one_cm":59518,"minecraft:interact_with_smoker":6,"minecraft:interact_with_anvil":10,"minecraft:mob_kills":357,"minecraft:climb_one_cm":3084,"minecraft:walk_one_cm":2139340,"minecraft:raid_win":1,"minecraft:sneak_time":27255,"minecraft:walk_under_water_one_cm":156679,"minecraft:interact_with_blast_furnace":12,"minecraft:total_world_time":726885,"minecraft:raid_trigger":1,"minecraft:time_since_rest":34235,"minecraft:damage_absorbed":120,"minecraft:damage_taken":18548,"minecraft:swim_one_cm":212413,"minecraft:fly_one_cm":2161934,"minecraft:open_chest":552,"minecraft:fall_one_cm":126204},"minecraft:killed_by":{"minecraft:evoker":2,"minecraft:piglin_brute":1,"minecraft:creeper":2,"minecraft:pillager":1,"minecraft:ravager":2,"minecraft:vindicator":8,"minecraft:vex":6,"minecraft:enderman":1,"minecraft:skeleton":1},"minecraft:picked_up":{"minecraft:iron_chestplate":20,"minecraft:birch_door":3,"minecraft:wheat":88,"minecraft:prismarine_shard":25,"minecraft:light_gray_shulker_box":6,"minecraft:lead":5,"minecraft:potion":16,"minecraft:brewing_stand":16,"minecraft:amethyst_block":1,"minecraft:string":107,"minecraft:red_nether_bricks":1,"minecraft:iron_leggings":25,"minecraft:beetroot_soup":1,"minecraft:smooth_red_sandstone_slab":6,"minecraft:beetroot":4,"minecraft:sea_pickle":4,"minecraft:cobbled_deepslate":2,"minecraft:diamond_leggings":1,"minecraft:black_shulker_box":4,"minecraft:gold_nugget":20,"minecraft:smooth_stone":3,"minecraft:bucket":3,"minecraft:spruce_planks":1,"minecraft:white_tulip":1,"minecraft:written_book":4,"minecraft:cobblestone_slab":20,"minecraft:azalea":1,"minecraft:smooth_quartz":399,"minecraft:iron_pickaxe":18,"minecraft:enchanted_golden_apple":3,"minecraft:iron_boots":19,"minecraft:golden_helmet":3,"minecraft:stick":77,"minecraft:torch":190,"minecraft:porkchop":21,"minecraft:golden_axe":1,"magistuarmory:diamond_flamebladedsword":3,"minecraft:brown_carpet":2,"minecraft:stone_sword":1,"minecraft:honey_bottle":6,"minecraft:light_gray_bed":12,"minecraft:rotten_flesh":70,"mcwbridges:cobblestone_bridge":952,"minecraft:iron_bars":22,"minecraft:cod":4,"minecraft:snowball":69,"minecraft:cobblestone":949,"minecraft:birch_log":6,"minecraft:feather":50,"minecraft:cooked_beef":30,"minecraft:iron_door":3,"minecraft:water_bucket":7,"magistuarmory:diamond_zweihander":8,"minecraft:potato":52,"minecraft:flint":12,"minecraft:prismarine_bricks":4,"minecraft:green_shulker_box":3,"minecraft:lapis_lazuli":112,"minecraft:stripped_birch_log":6,"minecraft:dirt":547,"minecraft:twisting_vines":5,"minecraft:bone":45,"minecraft:bow":1,"minecraft:wheat_seeds":327,"minecraft:orange_tulip":3,"minecraft:raw_gold":13,"minecraft:fletching_table":1,"minecraft:rabbit":1,"minecraft:glowstone_dust":22,"minecraft:moss_block":1,"minecraft:prismarine":2,"minecraft:stone_hoe":1,"minecraft:oak_planks":36,"minecraft:cooked_porkchop":42,"minecraft:warped_wart_block":1,"minecraft:poisonous_potato":5,"minecraft:sand":6,"minecraft:grass_block":1,"minecraft:shulker_box":8,"minecraft:light_gray_concrete":40,"minecraft:light_blue_terracotta":4,"minecraft:black_concrete":1,"minecraft:soul_lantern":1,"minecraft:lever":4,"magistuarmory:leather_strip":4,"minecraft:crossbow":1,"minecraft:granite":13,"minecraft:grass":18,"minecraft:golden_apple":7,"minecraft:emerald":150,"minecraft:bread":21,"minecraft:oak_sapling":26,"minecraft:netherrack":86,"minecraft:diamond_pickaxe":1,"minecraft:lingering_potion":1,"minecraft:charcoal":22,"minecraft:crafting_table":1,"minecraft:azure_bluet":2,"minecraft:chicken":43,"minecraft:nether_wart":2,"minecraft:brown_mushroom":3,"minecraft:wooden_pickaxe":2,"minecraft:stone_brick_wall":10,"minecraft:gold_block":46,"minecraft:chain":1,"minecraft:shield":6,"minecraft:cornflower":1,"minecraft:red_bed":1,"minecraft:iron_axe":17,"minecraft:iron_shovel":3,"minecraft:blue_orchid":3,"minecraft:beef":23,"minecraft:poppy":2,"minecraft:chest":2,"minecraft:quartz_stairs":2,"minecraft:blue_shulker_box":1,"minecraft:sugar_cane":348,"minecraft:egg":187,"minecraft:dark_oak_sapling":1,"minecraft:raw_iron":346,"minecraft:sandstone":125,"minecraft:oak_door":11,"minecraft:carrot":233,"minecraft:redstone":13,"minecraft:prismarine_crystals":11,"minecraft:stone_shovel":2,"minecraft:arrow":59,"minecraft:diamond_chestplate":3,"minecraft:cooked_cod":4,"minecraft:shears":2,"minecraft:pink_tulip":2,"minecraft:saddle":5,"minecraft:totem_of_undying":11,"minecraft:glow_berries":1,"minecraft:mutton":14,"minecraft:wet_sponge":1,"minecraft:rail":2,"minecraft:white_wool":22,"minecraft:oxeye_daisy":4,"minecraft:cut_sandstone":11,"minecraft:leather":13,"minecraft:birch_planks":1,"minecraft:oak_log":95,"minecraft:gunpowder":3,"minecraft:wooden_hoe":2,"minecraft:white_banner":6,"minecraft:cooked_mutton":16,"minecraft:apple":10,"minecraft:gray_carpet":25,"minecraft:warped_stem":5,"minecraft:rabbit_hide":1,"minecraft:iron_ingot":4,"minecraft:cooked_chicken":63,"minecraft:glass_bottle":2,"minecraft:iron_sword":19,"minecraft:milk_bucket":7,"minecraft:quartz":62,"minecraft:dandelion":3,"minecraft:gravel":62,"magistuarmory:longbow":20,"minecraft:birch_stairs":5,"minecraft:spruce_sapling":16,"minecraft:white_bed":15,"minecraft:spruce_log":40,"minecraft:green_carpet":1,"minecraft:spruce_door":3,"minecraft:spider_eye":9,"minecraft:stone_axe":7,"minecraft:tide_armor_trim_smithing_template":1,"minecraft:iron_helmet":10,"minecraft:baked_potato":12,"minecraft:coal":64,"minecraft:ender_pearl":4},"minecraft:broken":{"minecraft:stone_pickaxe":2,"minecraft:iron_sword":1,"minecraft:stone_shovel":1,"minecraft:iron_pickaxe":1,"minecraft:iron_helmet":1,"minecraft:wooden_hoe":1}},"DataVersion":3465}