{"stats":{"minecraft:killed":{"minecraft:pig":1,"minecraft:chicken":1,"minecraft:cow":1},"minecraft:dropped":{"minecraft:wheat_seeds":1,"minecraft:orange_tulip":1,"minecraft:rotten_flesh":3,"minecraft:oak_planks":14,"minecraft:emerald":7,"minecraft:oxeye_daisy":3,"minecraft:dirt":162,"minecraft:green_carpet":1,"minecraft:written_book":1,"minecraft:pink_tulip":1},"minecraft:used":{"minecraft:wheat_seeds":34,"minecraft:water_bucket":20,"minecraft:stone_pickaxe":122,"minecraft:stone_shovel":231,"minecraft:chest":1,"minecraft:wooden_pickaxe":51,"minecraft:stone_hoe":5,"minecraft:cooked_chicken":1,"minecraft:torch":49,"minecraft:dirt":97,"minecraft:crafting_table":2,"minecraft:carrot":31,"minecraft:shears":4,"minecraft:wooden_hoe":60,"minecraft:bread":10,"minecraft:stone_axe":81,"minecraft:cobblestone":1,"minecraft:written_book":3,"minecraft:oak_sapling":11,"minecraft:bucket":20,"minecraft:egg":5,"minecraft:light_gray_bed":1},"minecraft:mined":{"minecraft:dandelion":3,"minecraft:crafting_table":1,"minecraft:torch":1,"minecraft:grass_block":163,"minecraft:poppy":1,"minecraft:light_gray_bed":2,"minecraft:cobblestone":7,"minecraft:tall_grass":33,"minecraft:oak_planks":3,"minecraft:birch_log":6,"minecraft:iron_ore":6,"minecraft:birch_leaves":1,"minecraft:grass":46,"minecraft:coal_ore":21,"minecraft:oak_log":49,"minecraft:dirt":42,"minecraft:stone":121,"minecraft:oak_leaves":21},"minecraft:crafted":{"minecraft:oak_planks":40,"minecraft:stone_shovel":2,"minecraft:crafting_table":1,"minecraft:wooden_pickaxe":1,"minecraft:cooked_chicken":1,"minecraft:bucket":1,"minecraft:stone_axe":1,"minecraft:air":0,"minecraft:wooden_hoe":1,"minecraft:charcoal":19,"minecraft:stick":24,"minecraft:iron_ingot":3,"minecraft:stone_pickaxe":1,"minecraft:chest":1,"minecraft:torch":76,"minecraft:stone_hoe":1},"minecraft:killed_by":{"minecraft:skeleton":1,"minecraft:creeper":1},"minecraft:custom":{"minecraft:interact_with_furnace":9,"minecraft:mob_kills":3,"minecraft:interact_with_crafting_table":12,"minecraft:interact_with_cartography_table":1,"minecraft:leave_game":6,"minecraft:time_since_death":49875,"minecraft:sleep_in_bed":5,"minecraft:climb_one_cm":1116,"minecraft:time_since_rest":4879,"minecraft:sprint_one_cm":177677,"minecraft:damage_taken":1100,"minecraft:walk_one_cm":269168,"minecraft:drop":22,"minecraft:damage_dealt":247,"minecraft:talked_to_villager":22,"minecraft:fly_one_cm":145880,"minecraft:open_chest":30,"minecraft:crouch_one_cm":2562,"minecraft:play_time":75181,"minecraft:deaths":2,"minecraft:sneak_time":665,"minecraft:walk_under_water_one_cm":3393,"minecraft:jump":1052,"minecraft:walk_on_water_one_cm":11129,"minecraft:total_world_time":75694,"minecraft:interact_with_smoker":1,"minecraft:fall_one_cm":16783},"minecraft:picked_up":{"minecraft:birch_log":6,"minecraft:crafting_table":1,"minecraft:azure_bluet":1,"minecraft:chicken":1,"minecraft:leather":2,"minecraft:wooden_pickaxe":2,"minecraft:oak_log":49,"minecraft:cornflower":1,"minecraft:wooden_hoe":2,"minecraft:dirt":301,"minecraft:bone":2,"minecraft:apple":3,"minecraft:blue_orchid":3,"minecraft:beetroot":4,"minecraft:wheat_seeds":16,"minecraft:orange_tulip":3,"minecraft:beef":2,"minecraft:white_tulip":1,"minecraft:written_book":1,"minecraft:poppy":1,"minecraft:oak_planks":3,"minecraft:egg":8,"minecraft:stick":12,"minecraft:raw_iron":5,"minecraft:torch":1,"minecraft:dandelion":3,"minecraft:porkchop":2,"minecraft:green_carpet":1,"minecraft:rotten_flesh":7,"minecraft:arrow":5,"minecraft:light_gray_bed":2,"minecraft:stone_shovel":1,"minecraft:stone_axe":2,"minecraft:shears":2,"minecraft:grass":18,"minecraft:pink_tulip":2,"minecraft:oak_sapling":12,"minecraft:coal":21,"minecraft:mutton":1,"minecraft:cobblestone":189,"minecraft:oxeye_daisy":4,"minecraft:ender_pearl":2},"minecraft:broken":{"minecraft:wooden_hoe":1,"minecraft:stone_shovel":1}},"DataVersion":3465}