{"stats":{"minecraft:killed":{"minecraft:pig":1,"minecraft:chicken":1,"minecraft:cow":1},"minecraft:dropped":{"minecraft:wheat_seeds":1,"minecraft:oak_planks":13,"minecraft:oxeye_daisy":1,"minecraft:dirt":162},"minecraft:used":{"minecraft:wheat_seeds":3,"minecraft:stone_shovel":160,"minecraft:wooden_pickaxe":47,"minecraft:cooked_chicken":1,"minecraft:dirt":19,"minecraft:crafting_table":1,"minecraft:shears":4,"minecraft:wooden_hoe":9,"minecraft:stone_axe":10,"minecraft:written_book":3,"minecraft:oak_sapling":2,"minecraft:egg":5,"minecraft:light_gray_bed":1},"minecraft:mined":{"minecraft:grass_block":112,"minecraft:light_gray_bed":2,"minecraft:cobblestone":7,"minecraft:tall_grass":23,"minecraft:oak_planks":3,"minecraft:grass":24,"minecraft:oak_log":6,"minecraft:dirt":31,"minecraft:stone":30,"minecraft:oak_leaves":2},"minecraft:crafted":{"minecraft:oak_planks":24,"minecraft:stone_shovel":1,"minecraft:crafting_table":1,"minecraft:wooden_pickaxe":1,"minecraft:cooked_chicken":1,"minecraft:stone_axe":1,"minecraft:air":0,"minecraft:wooden_hoe":1,"minecraft:stick":8},"minecraft:killed_by":{"minecraft:skeleton":1,"minecraft:creeper":1},"minecraft:custom":{"minecraft:interact_with_furnace":3,"minecraft:mob_kills":3,"minecraft:interact_with_crafting_table":5,"minecraft:interact_with_cartography_table":1,"minecraft:leave_game":6,"minecraft:time_since_death":7875,"minecraft:sleep_in_bed":1,"minecraft:time_since_rest":4048,"minecraft:sprint_one_cm":60807,"minecraft:damage_taken":790,"minecraft:walk_one_cm":135763,"minecraft:drop":7,"minecraft:damage_dealt":210,"minecraft:talked_to_villager":4,"minecraft:fly_one_cm":60622,"minecraft:open_chest":8,"minecraft:crouch_one_cm":1870,"minecraft:play_time":33181,"minecraft:deaths":2,"minecraft:sneak_time":328,"minecraft:walk_under_water_one_cm":1551,"minecraft:jump":454,"minecraft:walk_on_water_one_cm":5460,"minecraft:total_world_time":33694,"minecraft:interact_with_smoker":1,"minecraft:fall_one_cm":7201},"minecraft:picked_up":{"minecraft:chicken":1,"minecraft:leather":2,"minecraft:wooden_pickaxe":2,"minecraft:oak_log":6,"minecraft:wooden_hoe":2,"minecraft:dirt":227,"minecraft:blue_orchid":3,"minecraft:wheat_seeds":13,"minecraft:orange_tulip":3,"minecraft:beef":2,"minecraft:white_tulip":1,"minecraft:written_book":1,"minecraft:oak_planks":3,"minecraft:egg":8,"minecraft:stick":2,"minecraft:porkchop":2,"minecraft:green_carpet":1,"minecraft:rotten_flesh":7,"minecraft:arrow":4,"minecraft:light_gray_bed":2,"minecraft:stone_shovel":1,"minecraft:stone_axe":2,"minecraft:shears":2,"minecraft:grass":18,"minecraft:pink_tulip":2,"minecraft:oak_sapling":2,"minecraft:mutton":1,"minecraft:cobblestone":103,"minecraft:oxeye_daisy":3,"minecraft:ender_pearl":2},"minecraft:broken":{"minecraft:stone_shovel":1}},"DataVersion":3465}