{"stats":{"minecraft:killed":{"minecraft:cave_spider":9,"minecraft:spider":4,"minecraft:skeleton":11,"minecraft:chicken":20,"minecraft:magma_cube":12,"minecraft:pig":13,"minecraft:creeper":2,"minecraft:sheep":5,"minecraft:pillager":67,"minecraft:zombie":4,"minecraft:ghast":1,"minecraft:cow":6,"minecraft:evoker":4,"minecraft:vex":2,"minecraft:vindicator":28,"minecraft:husk":19,"minecraft:rabbit":1,"minecraft:ravager":1},"minecraft:dropped":{"minecraft:iron_sword":5,"minecraft:warped_stem":5,"minecraft:brown_mushroom":3,"minecraft:cooked_beef":18,"minecraft:cooked_porkchop":6,"minecraft:orange_tulip":1,"minecraft:emerald":16,"magistuarmory:longbow":6,"minecraft:dirt":280,"minecraft:snowball":9,"minecraft:iron_pickaxe":3,"minecraft:white_wool":3,"mcwbridges:cobblestone_bridge":334,"minecraft:gravel":6,"minecraft:stone_axe":2,"minecraft:rotten_flesh":5,"minecraft:oak_planks":14,"minecraft:enchanted_golden_apple":1,"minecraft:glowstone_dust":3,"minecraft:cooked_mutton":10,"minecraft:azure_bluet":1,"minecraft:beetroot_seeds":1,"minecraft:arrow":28,"minecraft:warped_wart_block":1,"minecraft:written_book":3,"minecraft:water_bucket":1,"minecraft:enchanted_book":2,"minecraft:bread":6,"minecraft:wheat_seeds":1,"minecraft:feather":1,"minecraft:iron_helmet":2,"minecraft:cobblestone":62,"minecraft:stick":4,"minecraft:oxeye_daisy":3,"minecraft:torch":58,"minecraft:smooth_quartz":55,"minecraft:green_carpet":1,"minecraft:iron_leggings":2,"minecraft:white_banner":1,"minecraft:iron_axe":2,"minecraft:iron_shovel":1,"minecraft:string":4,"minecraft:gray_carpet":4,"minecraft:pink_tulip":1,"minecraft:stone_sword":1,"minecraft:stone_shovel":1,"minecraft:chicken":1,"minecraft:iron_boots":3,"magistuarmory:hilt":4,"minecraft:totem_of_undying":2,"minecraft:cobblestone_slab":155,"minecraft:stone":1,"minecraft:shield":2,"minecraft:diamond_chestplate":1,"minecraft:iron_chestplate":3,"minecraft:diamond_boots":1,"minecraft:bow":1,"minecraft:wooden_pickaxe":1},"minecraft:used":{"minecraft:beetroot":11,"minecraft:chest":1,"minecraft:iron_sword":285,"minecraft:carrot":155,"minecraft:snowball":8,"minecraft:bow":41,"minecraft:written_book":3,"minecraft:blue_shulker_box":1,"minecraft:oak_sapling":13,"minecraft:egg":79,"minecraft:potato":27,"minecraft:stone_pickaxe":258,"minecraft:wooden_pickaxe":51,"minecraft:sandstone":49,"minecraft:sugar_cane":32,"minecraft:cookie":13,"minecraft:golden_apple":3,"minecraft:blast_furnace":1,"minecraft:crossbow":1,"minecraft:lingering_potion":3,"magistuarmory:longbow":192,"minecraft:shears":4,"minecraft:bread":34,"minecraft:stone_sword":37,"minecraft:stone_shovel":259,"minecraft:dried_kelp":22,"minecraft:spruce_planks":20,"minecraft:cooked_chicken":18,"minecraft:stone_hoe":6,"minecraft:netherrack":6,"minecraft:light_gray_shulker_box":6,"minecraft:torch":107,"minecraft:dirt":126,"minecraft:anvil":1,"minecraft:twisting_vines":5,"minecraft:shulker_box":6,"minecraft:iron_axe":14,"minecraft:smooth_quartz":56,"mcwbridges:cobblestone_bridge":2,"minecraft:cooked_beef":9,"minecraft:light_gray_bed":8,"minecraft:wheat_seeds":146,"minecraft:cooked_mutton":3,"minecraft:water_bucket":28,"minecraft:birch_planks":19,"minecraft:baked_potato":14,"minecraft:black_shulker_box":5,"minecraft:fletching_table":2,"minecraft:cobblestone_slab":65,"minecraft:crafting_table":4,"magistuarmory:diamond_zweihander":271,"minecraft:white_bed":7,"minecraft:cake":2,"minecraft:wooden_hoe":60,"minecraft:diamond_pickaxe":208,"minecraft:apple":14,"minecraft:iron_pickaxe":372,"minecraft:spruce_sapling":16,"minecraft:stone_axe":189,"minecraft:green_shulker_box":3,"minecraft:cobblestone":3,"minecraft:cooked_porkchop":27,"minecraft:bucket":30,"minecraft:pumpkin_pie":4,"minecraft:sea_pickle":4,"minecraft:smooth_stone":3},"minecraft:mined":{"minecraft:black_shulker_box":5,"minecraft:spruce_planks":1,"minecraft:white_bed":10,"minecraft:oak_sapling":1,"mcwbridges:cobblestone_bridge":1,"minecraft:brewing_stand":9,"minecraft:granite":13,"minecraft:grass_block":165,"minecraft:stone_brick_wall":10,"minecraft:light_gray_bed":8,"minecraft:spawner":17,"minecraft:light_blue_stained_glass":5,"minecraft:smooth_stone":3,"minecraft:glowstone":4,"minecraft:iron_ore":252,"minecraft:fletching_table":1,"minecraft:iron_bars":16,"minecraft:brown_mushroom":3,"minecraft:twisting_vines_plant":1,"minecraft:torch":4,"minecraft:poppy":1,"minecraft:cobblestone":7,"minecraft:sugar_cane":15,"minecraft:oak_planks":3,"minecraft:iron_door":2,"minecraft:wall_torch":2,"minecraft:seagrass":1,"minecraft:light_blue_terracotta":1,"minecraft:birch_log":6,"minecraft:wheat":112,"minecraft:birch_trapdoor":1,"minecraft:birch_door":1,"minecraft:grass":49,"minecraft:oak_log":70,"minecraft:sand":1,"minecraft:dirt":69,"minecraft:smooth_quartz":128,"minecraft:blue_shulker_box":1,"minecraft:netherrack":46,"minecraft:oak_leaves":102,"minecraft:red_stained_glass":1,"minecraft:sea_lantern":1,"minecraft:shulker_box":7,"minecraft:spruce_leaves":37,"minecraft:sandstone":8,"minecraft:spruce_sapling":6,"minecraft:carrots":78,"minecraft:snow":18,"minecraft:light_gray_shulker_box":6,"minecraft:black_concrete":1,"minecraft:potatoes":31,"minecraft:cobblestone_slab":9,"minecraft:warped_stem":5,"minecraft:packed_ice":1,"minecraft:stone":216,"minecraft:cake":1,"minecraft:brain_coral":1,"minecraft:birch_stairs":4,"minecraft:dandelion":3,"minecraft:polished_granite":1,"minecraft:crafting_table":1,"minecraft:campfire":4,"minecraft:brain_coral_fan":2,"minecraft:tall_grass":33,"minecraft:smooth_red_sandstone_slab":3,"minecraft:lapis_ore":1,"minecraft:warped_wart_block":1,"minecraft:birch_planks":1,"minecraft:green_shulker_box":3,"minecraft:sea_pickle":2,"minecraft:spruce_log":33,"minecraft:birch_leaves":1,"minecraft:coal_ore":57,"minecraft:gravel":56,"minecraft:gray_carpet":4,"minecraft:cobweb":79,"minecraft:gold_ore":2},"minecraft:crafted":{"minecraft:oak_planks":80,"minecraft:smooth_stone":3,"minecraft:cobblestone_slab":210,"minecraft:blaze_powder":5,"minecraft:cooked_chicken":12,"minecraft:stone":4,"minecraft:cooked_mutton":2,"minecraft:iron_boots":3,"minecraft:chest":1,"minecraft:stone_hoe":1,"minecraft:emerald":5,"minecraft:arrow":28,"minecraft:cooked_porkchop":21,"minecraft:crafting_table":3,"minecraft:spruce_planks":100,"minecraft:iron_helmet":3,"minecraft:baked_potato":4,"minecraft:wooden_pickaxe":1,"minecraft:fletching_table":1,"minecraft:birch_planks":24,"minecraft:wooden_hoe":1,"minecraft:iron_chestplate":3,"minecraft:charcoal":19,"minecraft:diamond_pickaxe":1,"minecraft:stick":104,"minecraft:iron_ingot":162,"minecraft:iron_pickaxe":2,"minecraft:iron_block":3,"minecraft:stone_sword":1,"magistuarmory:leather_strip":6,"minecraft:stone_shovel":2,"minecraft:furnace":1,"minecraft:blast_furnace":1,"magistuarmory:longbow":2,"magistuarmory:hilt":6,"minecraft:iron_axe":1,"minecraft:stone_pickaxe":2,"minecraft:diamond_boots":1,"magistuarmory:diamond_flamebladedsword":1,"minecraft:cooked_beef":14,"minecraft:dried_kelp":22,"minecraft:iron_sword":2,"minecraft:bucket":2,"minecraft:stone_axe":2,"minecraft:enchanted_book":3,"minecraft:air":0,"minecraft:iron_leggings":2,"minecraft:anvil":1,"minecraft:torch":176,"minecraft:diamond_chestplate":2},"minecraft:custom":{"minecraft:animals_bred":25,"minecraft:interact_with_crafting_table":54,"minecraft:open_barrel":23,"minecraft:open_shulker_box":70,"minecraft:bell_ring":1,"minecraft:eat_cake_slice":13,"minecraft:leave_game":10,"minecraft:time_since_death":89996,"minecraft:sprint_one_cm":1156697,"minecraft:drop":118,"minecraft:talked_to_villager":89,"minecraft:play_time":497647,"minecraft:deaths":22,"minecraft:jump":7968,"minecraft:walk_on_water_one_cm":27407,"minecraft:interact_with_furnace":183,"minecraft:traded_with_villager":8,"minecraft:interact_with_cartography_table":1,"minecraft:sleep_in_bed":31,"minecraft:damage_dealt":25438,"minecraft:player_kills":1,"minecraft:crouch_one_cm":17122,"minecraft:interact_with_smoker":6,"minecraft:mob_kills":227,"minecraft:interact_with_anvil":7,"minecraft:climb_one_cm":2616,"minecraft:walk_one_cm":1662641,"minecraft:raid_win":1,"minecraft:sneak_time":5204,"minecraft:walk_under_water_one_cm":20331,"minecraft:interact_with_blast_furnace":11,"minecraft:total_world_time":498160,"minecraft:raid_trigger":1,"minecraft:time_since_rest":5856,"minecraft:damage_taken":14038,"minecraft:damage_absorbed":120,"minecraft:swim_one_cm":30866,"minecraft:fly_one_cm":1546468,"minecraft:open_chest":329,"minecraft:fall_one_cm":94402},"minecraft:killed_by":{"minecraft:evoker":2,"minecraft:creeper":2,"minecraft:pillager":1,"minecraft:ravager":2,"minecraft:vindicator":8,"minecraft:vex":6,"minecraft:skeleton":1},"minecraft:picked_up":{"minecraft:birch_door":3,"minecraft:iron_chestplate":19,"minecraft:wheat":50,"minecraft:light_gray_shulker_box":6,"minecraft:lead":5,"minecraft:potion":13,"minecraft:brewing_stand":16,"minecraft:string":104,"minecraft:iron_leggings":24,"minecraft:smooth_red_sandstone_slab":6,"minecraft:beetroot":4,"minecraft:sea_pickle":4,"minecraft:black_shulker_box":4,"minecraft:smooth_stone":3,"minecraft:bucket":2,"minecraft:spruce_planks":1,"minecraft:white_tulip":1,"minecraft:written_book":4,"minecraft:cobblestone_slab":20,"minecraft:smooth_quartz":280,"minecraft:iron_pickaxe":16,"minecraft:enchanted_golden_apple":1,"minecraft:iron_boots":17,"minecraft:stick":64,"minecraft:torch":170,"minecraft:porkchop":19,"minecraft:brown_carpet":2,"minecraft:stone_sword":1,"minecraft:light_gray_bed":12,"minecraft:rotten_flesh":46,"mcwbridges:cobblestone_bridge":440,"minecraft:iron_bars":22,"minecraft:snowball":69,"minecraft:cobblestone":307,"minecraft:birch_log":6,"minecraft:cooked_beef":22,"minecraft:feather":26,"minecraft:iron_door":3,"minecraft:water_bucket":7,"magistuarmory:diamond_zweihander":8,"minecraft:potato":52,"minecraft:flint":12,"minecraft:green_shulker_box":3,"minecraft:lapis_lazuli":31,"minecraft:stripped_birch_log":6,"minecraft:dirt":535,"minecraft:twisting_vines":5,"minecraft:bone":30,"minecraft:bow":1,"minecraft:orange_tulip":3,"minecraft:wheat_seeds":223,"minecraft:raw_gold":2,"minecraft:fletching_table":1,"minecraft:rabbit":1,"minecraft:glowstone_dust":22,"minecraft:stone_hoe":1,"minecraft:oak_planks":11,"minecraft:cooked_porkchop":33,"minecraft:warped_wart_block":1,"minecraft:sand":1,"minecraft:shulker_box":8,"minecraft:light_blue_terracotta":4,"minecraft:black_concrete":1,"minecraft:lever":4,"minecraft:crossbow":1,"minecraft:granite":13,"minecraft:grass":18,"minecraft:golden_apple":7,"minecraft:emerald":144,"minecraft:bread":21,"minecraft:oak_sapling":22,"minecraft:netherrack":35,"minecraft:lingering_potion":1,"minecraft:charcoal":22,"minecraft:crafting_table":1,"minecraft:azure_bluet":2,"minecraft:chicken":19,"minecraft:brown_mushroom":3,"minecraft:wooden_pickaxe":2,"minecraft:stone_brick_wall":10,"minecraft:chain":1,"minecraft:shield":6,"minecraft:cornflower":1,"minecraft:iron_axe":16,"minecraft:iron_shovel":3,"minecraft:blue_orchid":3,"minecraft:beef":9,"minecraft:poppy":1,"minecraft:blue_shulker_box":1,"minecraft:sugar_cane":32,"minecraft:egg":89,"minecraft:raw_iron":298,"minecraft:sandstone":125,"minecraft:carrot":142,"minecraft:redstone":4,"minecraft:prismarine_crystals":2,"minecraft:arrow":49,"minecraft:stone_shovel":2,"minecraft:shears":2,"minecraft:pink_tulip":2,"minecraft:saddle":5,"minecraft:totem_of_undying":11,"minecraft:mutton":7,"minecraft:white_wool":5,"minecraft:rail":2,"minecraft:oxeye_daisy":4,"minecraft:cut_sandstone":11,"minecraft:leather":3,"minecraft:birch_planks":1,"minecraft:oak_log":83,"minecraft:gunpowder":3,"minecraft:wooden_hoe":2,"minecraft:white_banner":6,"minecraft:cooked_mutton":16,"minecraft:apple":8,"minecraft:gray_carpet":25,"minecraft:warped_stem":5,"minecraft:rabbit_hide":1,"minecraft:cooked_chicken":41,"minecraft:iron_sword":18,"minecraft:dandelion":3,"minecraft:gravel":62,"magistuarmory:longbow":17,"minecraft:birch_stairs":5,"minecraft:spruce_sapling":16,"minecraft:white_bed":11,"minecraft:spruce_log":40,"minecraft:green_carpet":1,"minecraft:spider_eye":8,"minecraft:stone_axe":6,"minecraft:iron_helmet":7,"minecraft:baked_potato":10,"minecraft:coal":56,"minecraft:ender_pearl":4},"minecraft:broken":{"minecraft:stone_pickaxe":2,"minecraft:iron_sword":1,"minecraft:stone_shovel":1,"minecraft:iron_pickaxe":1,"minecraft:iron_helmet":1,"minecraft:wooden_hoe":1}},"DataVersion":3465}