{"stats":{"minecraft:killed":{"minecraft:evoker":2,"minecraft:vex":1,"minecraft:cave_spider":9,"minecraft:spider":2,"minecraft:vindicator":16,"minecraft:skeleton":10,"minecraft:chicken":2,"minecraft:husk":19,"minecraft:pig":2,"minecraft:rabbit":1,"minecraft:creeper":2,"minecraft:sheep":1,"minecraft:pillager":7,"minecraft:zombie":2,"minecraft:cow":3},"minecraft:dropped":{"minecraft:water_bucket":1,"minecraft:iron_sword":5,"minecraft:wheat_seeds":1,"minecraft:cooked_beef":10,"minecraft:cooked_porkchop":6,"minecraft:orange_tulip":1,"minecraft:iron_helmet":1,"minecraft:cobblestone":62,"minecraft:emerald":16,"minecraft:oxeye_daisy":3,"magistuarmory:longbow":2,"minecraft:dirt":279,"minecraft:torch":58,"minecraft:smooth_quartz":55,"minecraft:green_carpet":1,"minecraft:iron_leggings":2,"minecraft:white_banner":1,"minecraft:iron_axe":2,"minecraft:iron_pickaxe":3,"minecraft:iron_shovel":1,"minecraft:string":4,"mcwbridges:cobblestone_bridge":334,"minecraft:gray_carpet":4,"minecraft:pink_tulip":1,"minecraft:stone_axe":2,"minecraft:stone_sword":1,"minecraft:stone_shovel":1,"minecraft:rotten_flesh":3,"minecraft:oak_planks":14,"minecraft:iron_boots":1,"minecraft:glowstone_dust":3,"minecraft:cooked_mutton":10,"minecraft:azure_bluet":1,"minecraft:totem_of_undying":2,"minecraft:cobblestone_slab":155,"minecraft:stone":1,"minecraft:shield":2,"minecraft:iron_chestplate":2,"minecraft:bow":1,"minecraft:wooden_pickaxe":1,"minecraft:written_book":3},"minecraft:used":{"minecraft:stone_sword":37,"minecraft:stone_shovel":259,"minecraft:chest":1,"minecraft:spruce_planks":20,"minecraft:iron_sword":285,"minecraft:cooked_chicken":11,"minecraft:stone_hoe":6,"minecraft:torch":90,"minecraft:dirt":126,"minecraft:carrot":96,"minecraft:snowball":8,"minecraft:iron_axe":13,"minecraft:smooth_quartz":2,"minecraft:bow":41,"minecraft:written_book":3,"minecraft:oak_sapling":12,"mcwbridges:cobblestone_bridge":2,"minecraft:egg":10,"minecraft:potato":22,"minecraft:light_gray_bed":7,"minecraft:wheat_seeds":98,"minecraft:cooked_mutton":1,"minecraft:water_bucket":20,"minecraft:birch_planks":19,"minecraft:stone_pickaxe":258,"minecraft:baked_potato":14,"minecraft:wooden_pickaxe":51,"minecraft:sandstone":15,"minecraft:cobblestone_slab":65,"minecraft:sugar_cane":32,"minecraft:crafting_table":3,"minecraft:blast_furnace":1,"minecraft:crossbow":1,"minecraft:white_bed":3,"magistuarmory:longbow":8,"minecraft:shears":4,"minecraft:wooden_hoe":60,"minecraft:apple":11,"minecraft:iron_pickaxe":152,"minecraft:bread":19,"minecraft:spruce_sapling":16,"minecraft:stone_axe":189,"minecraft:cobblestone":3,"minecraft:cooked_porkchop":15,"minecraft:bucket":21,"minecraft:sea_pickle":4,"minecraft:smooth_stone":2},"minecraft:mined":{"minecraft:white_bed":6,"minecraft:spruce_planks":1,"minecraft:oak_sapling":1,"mcwbridges:cobblestone_bridge":1,"minecraft:red_stained_glass":1,"minecraft:granite":13,"minecraft:grass_block":164,"minecraft:light_gray_bed":7,"minecraft:spruce_leaves":37,"minecraft:sandstone":4,"minecraft:spawner":7,"minecraft:smooth_stone":2,"minecraft:glowstone":1,"minecraft:spruce_sapling":5,"minecraft:carrots":49,"minecraft:iron_ore":52,"minecraft:snow":18,"minecraft:black_concrete":1,"minecraft:potatoes":18,"minecraft:cobblestone_slab":9,"minecraft:packed_ice":1,"minecraft:stone":209,"minecraft:brain_coral":1,"minecraft:dandelion":3,"minecraft:crafting_table":1,"minecraft:torch":2,"minecraft:poppy":1,"minecraft:campfire":4,"minecraft:brain_coral_fan":2,"minecraft:tall_grass":33,"minecraft:cobblestone":7,"minecraft:lapis_ore":1,"minecraft:oak_planks":3,"minecraft:sugar_cane":15,"minecraft:iron_door":1,"minecraft:wall_torch":1,"minecraft:seagrass":1,"minecraft:birch_planks":1,"minecraft:sea_pickle":2,"minecraft:birch_log":6,"minecraft:wheat":64,"minecraft:birch_trapdoor":1,"minecraft:spruce_log":33,"minecraft:birch_leaves":1,"minecraft:grass":46,"minecraft:coal_ore":56,"minecraft:oak_log":66,"minecraft:smooth_quartz":70,"minecraft:dirt":65,"minecraft:sand":1,"minecraft:gray_carpet":3,"minecraft:cobweb":79,"minecraft:gold_ore":2,"minecraft:oak_leaves":99},"minecraft:crafted":{"minecraft:smooth_stone":3,"minecraft:oak_planks":64,"minecraft:cobblestone_slab":210,"minecraft:stone_shovel":2,"minecraft:cooked_chicken":6,"minecraft:furnace":1,"minecraft:blast_furnace":1,"minecraft:stone":4,"magistuarmory:longbow":1,"magistuarmory:hilt":6,"minecraft:iron_axe":1,"minecraft:stone_pickaxe":2,"minecraft:chest":1,"minecraft:stone_hoe":1,"minecraft:cooked_porkchop":14,"minecraft:crafting_table":2,"minecraft:spruce_planks":68,"minecraft:wooden_pickaxe":1,"minecraft:baked_potato":4,"minecraft:iron_sword":2,"minecraft:bucket":1,"minecraft:birch_planks":24,"minecraft:stone_axe":2,"minecraft:air":0,"minecraft:wooden_hoe":1,"minecraft:charcoal":19,"minecraft:stick":76,"minecraft:iron_ingot":162,"minecraft:iron_pickaxe":1,"minecraft:stone_sword":1,"minecraft:torch":144,"magistuarmory:leather_strip":6},"minecraft:killed_by":{"minecraft:evoker":1,"minecraft:creeper":2,"minecraft:pillager":1,"minecraft:vindicator":6,"minecraft:skeleton":1,"minecraft:vex":4},"minecraft:custom":{"minecraft:mob_kills":84,"minecraft:animals_bred":9,"minecraft:interact_with_crafting_table":31,"minecraft:open_barrel":1,"minecraft:leave_game":7,"minecraft:time_since_death":4154,"minecraft:climb_one_cm":1116,"minecraft:sprint_one_cm":669571,"minecraft:walk_one_cm":934240,"minecraft:drop":85,"minecraft:talked_to_villager":43,"minecraft:play_time":278938,"minecraft:sneak_time":3399,"minecraft:deaths":15,"minecraft:walk_under_water_one_cm":15327,"minecraft:jump":4672,"minecraft:interact_with_blast_furnace":2,"minecraft:walk_on_water_one_cm":20542,"minecraft:total_world_time":279451,"minecraft:interact_with_furnace":76,"minecraft:interact_with_cartography_table":1,"minecraft:sleep_in_bed":19,"minecraft:time_since_rest":3484,"minecraft:damage_taken":7743,"minecraft:damage_dealt":11174,"minecraft:player_kills":1,"minecraft:swim_one_cm":21885,"minecraft:fly_one_cm":863525,"minecraft:open_chest":154,"minecraft:crouch_one_cm":12837,"minecraft:interact_with_smoker":2,"minecraft:fall_one_cm":63546},"minecraft:picked_up":{"minecraft:charcoal":22,"minecraft:iron_chestplate":12,"minecraft:crafting_table":1,"minecraft:wheat":23,"minecraft:azure_bluet":2,"minecraft:chicken":1,"minecraft:lead":5,"minecraft:wooden_pickaxe":2,"minecraft:chain":1,"minecraft:shield":6,"minecraft:cornflower":1,"minecraft:string":100,"minecraft:iron_axe":8,"minecraft:iron_leggings":11,"minecraft:iron_shovel":3,"minecraft:blue_orchid":3,"minecraft:beetroot":4,"minecraft:sea_pickle":4,"minecraft:smooth_stone":2,"minecraft:bucket":2,"minecraft:spruce_planks":1,"minecraft:beef":2,"minecraft:white_tulip":1,"minecraft:written_book":4,"minecraft:cobblestone_slab":20,"minecraft:smooth_quartz":187,"minecraft:poppy":1,"minecraft:iron_pickaxe":12,"minecraft:sugar_cane":32,"minecraft:iron_boots":10,"minecraft:egg":20,"minecraft:stick":58,"minecraft:raw_iron":98,"minecraft:sandstone":27,"minecraft:torch":123,"minecraft:porkchop":2,"minecraft:carrot":76,"minecraft:brown_carpet":2,"minecraft:stone_sword":1,"minecraft:arrow":34,"minecraft:light_gray_bed":9,"minecraft:stone_shovel":2,"minecraft:rotten_flesh":43,"mcwbridges:cobblestone_bridge":440,"minecraft:shears":2,"minecraft:pink_tulip":2,"minecraft:totem_of_undying":10,"minecraft:mutton":2,"minecraft:rail":2,"minecraft:snowball":60,"minecraft:white_wool":1,"minecraft:cobblestone":293,"minecraft:oxeye_daisy":4,"minecraft:birch_log":6,"minecraft:cooked_beef":11,"minecraft:iron_door":1,"minecraft:cut_sandstone":11,"minecraft:leather":2,"minecraft:potato":18,"minecraft:birch_planks":1,"minecraft:oak_log":79,"minecraft:gunpowder":2,"minecraft:wooden_hoe":2,"minecraft:lapis_lazuli":5,"minecraft:dirt":531,"minecraft:white_banner":1,"minecraft:cooked_mutton":16,"minecraft:bone":27,"minecraft:apple":8,"minecraft:gray_carpet":15,"minecraft:bow":1,"minecraft:wheat_seeds":124,"minecraft:orange_tulip":3,"minecraft:raw_gold":2,"minecraft:rabbit_hide":1,"minecraft:cooked_chicken":30,"minecraft:rabbit":1,"minecraft:glowstone_dust":3,"minecraft:iron_sword":13,"minecraft:stone_hoe":1,"minecraft:oak_planks":3,"minecraft:cooked_porkchop":19,"minecraft:dandelion":3,"magistuarmory:longbow":6,"minecraft:sand":1,"minecraft:spruce_sapling":16,"minecraft:white_bed":6,"minecraft:spruce_log":40,"minecraft:green_carpet":1,"minecraft:spider_eye":7,"minecraft:black_concrete":1,"minecraft:stone_axe":6,"minecraft:lever":4,"minecraft:iron_helmet":3,"minecraft:crossbow":1,"minecraft:granite":13,"minecraft:grass":18,"minecraft:emerald":24,"minecraft:baked_potato":10,"minecraft:oak_sapling":21,"minecraft:coal":55,"minecraft:ender_pearl":4},"minecraft:broken":{"minecraft:stone_pickaxe":2,"minecraft:iron_sword":1,"minecraft:wooden_hoe":1,"minecraft:stone_shovel":1}},"DataVersion":3465}