{"stats":{"minecraft:killed":{"minecraft:cave_spider":5,"minecraft:spider":7,"minecraft:skeleton":31,"minecraft:guardian":3,"minecraft:chicken":2,"minecraft:magma_cube":7,"minecraft:pig":5,"minecraft:zombie_villager":15,"minecraft:creeper":7,"minecraft:sheep":7,"minecraft:pillager":50,"minecraft:zombie":32,"minecraft:stray":1,"minecraft:ghast":4,"minecraft:cow":16,"minecraft:evoker":5,"minecraft:vex":2,"minecraft:vindicator":33,"minecraft:husk":21,"minecraft:hoglin":6,"minecraft:enderman":5},"minecraft:dropped":{"minecraft:iron_sword":10,"minecraft:moss_block":4,"minecraft:lapis_lazuli":26,"minecraft:cooked_beef":8,"minecraft:baked_potato":10,"minecraft:ender_pearl":1,"minecraft:glass_bottle":3,"minecraft:cooked_porkchop":29,"minecraft:tide_armor_trim_smithing_template":1,"minecraft:leather":4,"minecraft:elytra":2,"minecraft:cod":1,"minecraft:flint":9,"minecraft:emerald":127,"magistuarmory:longbow":9,"minecraft:dirt":80,"minecraft:red_bed":1,"minecraft:cooked_cod":3,"minecraft:wet_sponge":1,"minecraft:iron_pickaxe":11,"mcwbridges:cobblestone_bridge":423,"minecraft:oak_door":11,"minecraft:stone_axe":2,"minecraft:lever":3,"minecraft:cooked_chicken":16,"minecraft:cobbled_deepslate":1,"minecraft:rotten_flesh":4,"minecraft:enchanted_golden_apple":5,"minecraft:cooked_mutton":5,"magistuarmory:leather_strip":4,"minecraft:carrot":17,"minecraft:azalea":1,"minecraft:arrow":6,"minecraft:written_book":1,"minecraft:firework_rocket":54,"minecraft:water_bucket":2,"minecraft:iron_ingot":3,"minecraft:bread":21,"minecraft:wheat_seeds":3,"minecraft:golden_helmet":1,"minecraft:poisonous_potato":1,"minecraft:prismarine_shard":11,"minecraft:iron_helmet":4,"minecraft:cobblestone":2,"minecraft:prismarine_crystals":4,"minecraft:spruce_door":3,"minecraft:golden_apple":5,"minecraft:stick":1,"minecraft:milk_bucket":9,"minecraft:torch":15,"minecraft:smooth_quartz":102,"minecraft:cooked_salmon":1,"minecraft:iron_door":1,"minecraft:potion":6,"minecraft:iron_leggings":10,"minecraft:iron_axe":10,"minecraft:iron_shovel":1,"minecraft:string":8,"minecraft:gray_carpet":12,"magistuarmory:diamond_zweihander":3,"minecraft:beetroot_soup":1,"minecraft:stone_sword":1,"minecraft:bowl":2,"minecraft:tuff":1,"minecraft:raw_iron":1,"minecraft:iron_boots":7,"minecraft:totem_of_undying":4,"minecraft:shears":1,"minecraft:shield":3,"minecraft:diamond_pickaxe":1,"minecraft:iron_chestplate":10,"minecraft:light_gray_bed":1,"minecraft:sandstone":31,"minecraft:light_blue_terracotta":1},"minecraft:used":{"minecraft:iron_shovel":307,"minecraft:poppy":2,"minecraft:shield":77,"minecraft:chest":18,"minecraft:iron_sword":310,"minecraft:rotten_flesh":2,"minecraft:iron_chestplate":10,"minecraft:obsidian":10,"minecraft:snowball":1,"minecraft:carrot":196,"minecraft:azure_bluet":1,"minecraft:milk_bucket":6,"minecraft:lava_bucket":1,"minecraft:grass_block":1,"minecraft:lantern":2,"minecraft:orange_shulker_box":4,"minecraft:iron_helmet":5,"minecraft:redstone_lamp":1,"minecraft:brown_carpet":3,"minecraft:oak_sapling":7,"minecraft:written_book":35,"minecraft:blue_shulker_box":2,"minecraft:furnace":5,"minecraft:skeleton_skull":1,"minecraft:egg":88,"minecraft:potato":44,"minecraft:end_rod":1,"minecraft:oak_planks":81,"minecraft:stone_pickaxe":522,"minecraft:spruce_door":6,"minecraft:gray_carpet":18,"minecraft:ender_pearl":1,"minecraft:wooden_pickaxe":68,"minecraft:mossy_stone_brick_stairs":3,"minecraft:sugar_cane":70,"minecraft:cookie":5,"minecraft:glow_berries":2,"minecraft:smooth_quartz_stairs":1,"minecraft:white_wool":38,"minecraft:golden_apple":6,"minecraft:mushroom_stew":2,"minecraft:gray_concrete":1,"minecraft:lingering_potion":6,"magistuarmory:longbow":39,"minecraft:firework_rocket":2,"minecraft:light_gray_concrete":27,"minecraft:bread":6,"minecraft:polished_granite":1,"minecraft:iron_door":1,"minecraft:gravel":69,"minecraft:golden_helmet":1,"magistuarmory:diamond_concavehalberd":218,"minecraft:smooth_stone_slab":2,"minecraft:coarse_dirt":3,"minecraft:bone_meal":15,"minecraft:stone_sword":55,"minecraft:white_tulip":1,"minecraft:flint_and_steel":1,"minecraft:enchanting_table":1,"minecraft:stone_shovel":287,"minecraft:dried_kelp":1,"minecraft:light_blue_terracotta":1,"minecraft:cooked_salmon":10,"minecraft:cooked_chicken":6,"minecraft:netherrack":45,"minecraft:oak_door":6,"minecraft:torch":77,"minecraft:light_gray_shulker_box":2,"minecraft:brewing_stand":1,"minecraft:dirt":858,"minecraft:white_carpet":3,"minecraft:shulker_box":9,"minecraft:red_shulker_box":1,"minecraft:bookshelf":20,"minecraft:iron_axe":206,"minecraft:iron_boots":8,"minecraft:smooth_quartz":56,"minecraft:crimson_planks":13,"mcwbridges:cobblestone_bridge":763,"minecraft:enchanted_golden_apple":3,"minecraft:cooked_beef":26,"minecraft:beetroot_soup":6,"minecraft:iron_leggings":6,"minecraft:wheat_seeds":66,"minecraft:cooked_mutton":12,"minecraft:water_bucket":28,"minecraft:pink_tulip":1,"minecraft:glass_bottle":4,"minecraft:yellow_shulker_box":2,"minecraft:baked_potato":46,"minecraft:cut_sandstone":1,"minecraft:black_shulker_box":10,"minecraft:cobblestone_slab":448,"minecraft:crafting_table":13,"magistuarmory:diamond_zweihander":2,"minecraft:red_bed":4,"magistuarmory:diamond_flamebladedsword":33,"minecraft:white_bed":17,"minecraft:painting":1,"minecraft:cake":2,"minecraft:oak_log":3,"minecraft:dark_prismarine":1,"minecraft:diamond_pickaxe":1140,"minecraft:cornflower":1,"minecraft:apple":3,"minecraft:oxeye_daisy":1,"minecraft:chicken":1,"minecraft:iron_pickaxe":1310,"minecraft:map":1,"minecraft:stone_axe":24,"minecraft:green_carpet":3,"minecraft:cobblestone":72,"minecraft:potion":5,"minecraft:white_banner":3,"minecraft:cooked_porkchop":18,"minecraft:bucket":31,"minecraft:pumpkin_pie":5,"minecraft:purple_carpet":1,"minecraft:dandelion":6,"minecraft:splash_potion":2,"minecraft:smooth_stone":1},"minecraft:mined":{"minecraft:black_shulker_box":10,"minecraft:dark_prismarine_stairs":2,"minecraft:large_amethyst_bud":2,"minecraft:red_shulker_box":1,"minecraft:white_bed":13,"mcwbridges:cobblestone_bridge":20,"minecraft:orange_stained_glass":2,"minecraft:obsidian":15,"minecraft:granite":32,"minecraft:grass_block":277,"minecraft:yellow_carpet":1,"minecraft:oxeye_daisy":1,"minecraft:red_stained_glass_pane":1,"minecraft:tall_seagrass":3,"minecraft:spawner":34,"minecraft:light_blue_stained_glass":4,"minecraft:polished_blackstone_bricks":3,"minecraft:smooth_stone":2,"minecraft:iron_ore":274,"minecraft:fire":27,"minecraft:deepslate_lapis_ore":4,"minecraft:water_cauldron":1,"minecraft:dirt_path":4,"minecraft:small_amethyst_bud":1,"minecraft:quartz_slab":5,"minecraft:purple_carpet":1,"minecraft:light_gray_concrete":121,"minecraft:green_carpet":4,"minecraft:smooth_sandstone_stairs":1,"minecraft:cut_sandstone":13,"minecraft:deepslate_redstone_ore":3,"minecraft:soul_wall_torch":1,"minecraft:brown_mushroom":5,"minecraft:quartz_block":356,"minecraft:red_bed":6,"minecraft:kelp_plant":50,"minecraft:soul_fire":2,"minecraft:amethyst_cluster":16,"minecraft:clay":11,"minecraft:calcite":1,"minecraft:polished_andesite_stairs":1,"minecraft:chest":12,"minecraft:white_stained_glass_pane":1,"minecraft:smooth_quartz_slab":4,"minecraft:glass":16,"minecraft:cobblestone":13,"minecraft:oak_planks":10,"minecraft:sugar_cane":304,"minecraft:iron_door":2,"minecraft:wall_torch":4,"minecraft:seagrass":7,"minecraft:light_blue_terracotta":23,"minecraft:wheat":41,"minecraft:birch_door":1,"minecraft:stone_brick_stairs":1,"minecraft:smooth_stone_slab":2,"minecraft:grass":190,"minecraft:oak_log":92,"minecraft:beetroots":17,"minecraft:dirt":237,"minecraft:sand":4,"minecraft:smooth_quartz":172,"minecraft:crimson_planks":7,"minecraft:blue_shulker_box":2,"minecraft:netherrack":93,"minecraft:oak_leaves":45,"minecraft:deepslate":2,"minecraft:redstone_lamp":1,"minecraft:dark_prismarine":4,"minecraft:diamond_ore":15,"minecraft:tuff":1,"minecraft:quartz_stairs":36,"minecraft:deepslate_diamond_ore":2,"minecraft:stripped_birch_log":6,"minecraft:sea_lantern":3,"minecraft:shulker_box":8,"minecraft:nether_bricks":4,"minecraft:brick_stairs":1,"minecraft:orange_shulker_box":4,"minecraft:kelp":7,"minecraft:moss_block":4,"minecraft:sandstone":4,"minecraft:magenta_stained_glass_pane":2,"minecraft:redstone_ore":8,"minecraft:carrots":51,"minecraft:light_gray_shulker_box":2,"minecraft:andesite":6,"minecraft:black_concrete":18,"minecraft:bookshelf":26,"minecraft:vine":2,"minecraft:potatoes":18,"minecraft:cobblestone_slab":6,"minecraft:packed_ice":1,"minecraft:smooth_quartz_stairs":1,"minecraft:bamboo":2,"minecraft:stone":1492,"minecraft:yellow_shulker_box":2,"minecraft:white_wool":64,"minecraft:birch_stairs":1,"minecraft:gray_concrete":1,"minecraft:magenta_stained_glass":2,"minecraft:brown_carpet":1,"minecraft:dandelion":1,"minecraft:polished_granite":1,"minecraft:smooth_sandstone":4,"minecraft:crafting_table":7,"minecraft:cornflower":1,"minecraft:emerald_ore":1,"minecraft:tall_grass":92,"minecraft:lapis_ore":5,"minecraft:polished_blackstone_brick_stairs":1,"minecraft:orange_carpet":1,"minecraft:prismarine_bricks":4,"minecraft:black_stained_glass":4,"minecraft:coarse_dirt":4,"minecraft:sea_pickle":3,"minecraft:ice":6,"minecraft:white_carpet":3,"minecraft:coal_ore":83,"minecraft:end_rod":1,"minecraft:gravel":379,"minecraft:gray_carpet":16,"minecraft:cobweb":39,"minecraft:gold_ore":16,"minecraft:crimson_fence":1},"minecraft:crafted":{"minecraft:oak_planks":400,"minecraft:cobblestone_slab":1596,"minecraft:blaze_powder":5,"minecraft:cooked_chicken":6,"usefulbackpacks:backpack_small":2,"minecraft:bookshelf":20,"minecraft:cooked_mutton":22,"magistuarmory:diamond_zweihander":2,"minecraft:glass":3,"minecraft:diamond_helmet":1,"minecraft:bow":1,"minecraft:iron_boots":4,"magistuarmory:diamond_concavehalberd":1,"minecraft:chest":5,"magistuarmory:pole":1,"minecraft:glass_bottle":3,"magistuarmory:diamond_shortsword":2,"minecraft:emerald":29,"minecraft:cooked_porkchop":22,"minecraft:crafting_table":5,"minecraft:spruce_planks":32,"minecraft:iron_helmet":4,"minecraft:baked_potato":56,"minecraft:wooden_pickaxe":1,"minecraft:spruce_door":9,"minecraft:iron_chestplate":6,"minecraft:paper":327,"minecraft:diamond_pickaxe":1,"minecraft:shield":3,"minecraft:stick":88,"usefulbackpacks:backpack_large":1,"minecraft:iron_ingot":499,"minecraft:iron_pickaxe":8,"minecraft:iron_block":22,"minecraft:stone_sword":1,"minecraft:snow_block":33,"minecraft:gold_ingot":207,"minecraft:shears":1,"magistuarmory:leather_strip":6,"minecraft:golden_carrot":1,"minecraft:oak_door":21,"minecraft:stone_shovel":2,"minecraft:furnace":5,"magistuarmory:hilt":2,"minecraft:diamond":36,"minecraft:iron_axe":7,"magistuarmory:steel_ingot":28,"minecraft:stone_pickaxe":4,"minecraft:cobblestone_wall":822,"usefulbackpacks:backpack_medium":2,"minecraft:golden_helmet":2,"magistuarmory:diamond_flamebladedsword":1,"minecraft:cooked_beef":29,"minecraft:sugar":2,"minecraft:crimson_planks":8,"minecraft:crossbow":2,"minecraft:enchanting_table":1,"minecraft:iron_sword":4,"minecraft:bucket":14,"mcwbridges:cobblestone_bridge":1644,"minecraft:stone_axe":1,"minecraft:bread":16,"minecraft:air":0,"minecraft:gold_nugget":9,"minecraft:fermented_spider_eye":2,"minecraft:iron_shovel":3,"minecraft:iron_leggings":7,"minecraft:white_bed":2,"minecraft:torch":32,"minecraft:firework_rocket":93},"minecraft:killed_by":{"minecraft:creeper":2,"minecraft:vindicator":4,"minecraft:elder_guardian":2,"minecraft:vex":7,"minecraft:player":5},"minecraft:custom":{"minecraft:animals_bred":52,"minecraft:interact_with_crafting_table":95,"minecraft:open_barrel":31,"minecraft:open_shulker_box":136,"minecraft:bell_ring":1,"minecraft:eat_cake_slice":6,"minecraft:leave_game":24,"minecraft:time_since_death":2810,"minecraft:damage_resisted":172,"minecraft:sprint_one_cm":1272965,"minecraft:damage_blocked_by_shield":3530,"minecraft:drop":250,"minecraft:talked_to_villager":90,"minecraft:play_time":767327,"minecraft:deaths":22,"minecraft:jump":7921,"minecraft:interact_with_brewingstand":20,"minecraft:walk_on_water_one_cm":69195,"minecraft:interact_with_furnace":182,"minecraft:traded_with_villager":30,"minecraft:interact_with_cartography_table":1,"minecraft:sleep_in_bed":47,"minecraft:damage_dealt":38641,"minecraft:crouch_one_cm":259452,"minecraft:interact_with_smoker":7,"minecraft:interact_with_smithing_table":1,"minecraft:interact_with_anvil":8,"minecraft:mob_kills":284,"minecraft:climb_one_cm":8725,"minecraft:walk_one_cm":2498645,"minecraft:raid_win":1,"minecraft:sneak_time":82819,"minecraft:walk_under_water_one_cm":139887,"minecraft:interact_with_blast_furnace":11,"minecraft:total_world_time":767327,"minecraft:time_since_rest":1286,"minecraft:damage_taken":18266,"minecraft:damage_absorbed":488,"minecraft:swim_one_cm":446223,"minecraft:fly_one_cm":1498066,"minecraft:open_chest":697,"minecraft:aviate_one_cm":110436,"minecraft:fall_one_cm":79321},"minecraft:picked_up":{"minecraft:iron_chestplate":24,"minecraft:wheat":58,"minecraft:light_gray_shulker_box":2,"minecraft:prismarine_shard":28,"minecraft:potion":17,"minecraft:enchanted_book":3,"minecraft:crimson_planks":13,"minecraft:brewing_stand":2,"minecraft:polished_blackstone_brick_stairs":1,"minecraft:string":77,"minecraft:cooked_salmon":6,"minecraft:smooth_stone_slab":4,"minecraft:iron_leggings":24,"minecraft:beetroot_soup":8,"minecraft:beetroot":13,"minecraft:sea_pickle":12,"minecraft:smooth_stone":2,"minecraft:tnt_minecart":2,"minecraft:black_shulker_box":11,"minecraft:cobbled_deepslate":1,"minecraft:crimson_fence":1,"minecraft:spruce_planks":79,"minecraft:white_tulip":1,"minecraft:rose_bush":2,"minecraft:written_book":7,"minecraft:cobblestone_slab":153,"minecraft:ender_eye":2,"minecraft:calcite":1,"minecraft:azalea":1,"minecraft:smooth_quartz":489,"minecraft:iron_pickaxe":29,"minecraft:enchanted_golden_apple":4,"minecraft:smooth_quartz_stairs":1,"minecraft:iron_boots":21,"minecraft:tipped_arrow":1,"minecraft:golden_helmet":2,"minecraft:stick":63,"minecraft:orange_shulker_box":4,"minecraft:oak_fence":2,"minecraft:torch":399,"minecraft:porkchop":13,"magistuarmory:diamond_flamebladedsword":3,"minecraft:warped_door":3,"minecraft:cauldron":1,"minecraft:brown_carpet":3,"minecraft:quartz_block":902,"minecraft:stone_sword":2,"minecraft:light_gray_bed":2,"minecraft:rotten_flesh":107,"mcwbridges:cobblestone_bridge":786,"minecraft:end_rod":1,"minecraft:netherite_chestplate":1,"minecraft:obsidian":14,"minecraft:cod":4,"minecraft:snowball":52,"minecraft:cobblestone":1610,"minecraft:feather":9,"minecraft:cooked_beef":51,"minecraft:iron_door":5,"minecraft:water_bucket":6,"magistuarmory:diamond_zweihander":2,"minecraft:potato":77,"minecraft:flint":39,"magistuarmory:hilt":4,"minecraft:tuff":1,"minecraft:smooth_sandstone_stairs":2,"minecraft:prismarine_bricks":6,"minecraft:gray_concrete":1,"minecraft:lapis_lazuli":67,"minecraft:dirt":1385,"minecraft:stripped_birch_log":6,"minecraft:lantern":2,"minecraft:polished_granite":1,"minecraft:purple_carpet":1,"minecraft:bone":96,"minecraft:bow":5,"minecraft:wheat_seeds":162,"minecraft:raw_gold":28,"minecraft:mossy_stone_bricks":5,"minecraft:glowstone_dust":4,"minecraft:bamboo":25,"minecraft:moss_block":4,"minecraft:oak_planks":102,"minecraft:mossy_stone_brick_stairs":3,"minecraft:cooked_porkchop":119,"minecraft:poisonous_potato":1,"minecraft:stripped_crimson_stem":1,"minecraft:sand":4,"minecraft:grass_block":4,"minecraft:shulker_box":10,"minecraft:dark_prismarine":3,"minecraft:light_gray_concrete":115,"minecraft:yellow_carpet":3,"minecraft:light_blue_terracotta":27,"minecraft:diamond":19,"minecraft:black_concrete":12,"minecraft:lever":3,"minecraft:crossbow":6,"minecraft:granite":32,"minecraft:golden_apple":5,"minecraft:emerald":90,"minecraft:bread":13,"minecraft:oak_sapling":14,"minecraft:netherrack":168,"minecraft:diamond_pickaxe":4,"minecraft:charcoal":3,"minecraft:lingering_potion":25,"minecraft:crafting_table":10,"minecraft:coarse_dirt":4,"minecraft:chicken":3,"minecraft:clay_ball":44,"minecraft:redstone_lamp":1,"minecraft:brown_mushroom":5,"minecraft:wooden_pickaxe":1,"usefulbackpacks:backpack_medium":4,"minecraft:shield":17,"minecraft:cornflower":1,"minecraft:red_bed":7,"minecraft:elytra":5,"minecraft:iron_axe":28,"minecraft:flint_and_steel":1,"minecraft:quartz_slab":15,"minecraft:white_carpet":3,"minecraft:iron_shovel":12,"minecraft:dark_prismarine_stairs":1,"minecraft:music_disc_otherside":1,"minecraft:beef":35,"minecraft:poppy":9,"minecraft:light_gray_wool":2,"minecraft:quartz_stairs":103,"minecraft:blue_shulker_box":2,"minecraft:sugar_cane":399,"minecraft:chest":15,"minecraft:egg":87,"minecraft:dark_oak_sapling":6,"minecraft:raw_iron":274,"minecraft:sandstone":56,"minecraft:bowl":5,"minecraft:polished_blackstone_bricks":3,"minecraft:cake":1,"minecraft:cookie":5,"minecraft:carrot":246,"minecraft:redstone":52,"minecraft:prismarine_crystals":22,"minecraft:arrow":243,"minecraft:stone_shovel":1,"minecraft:red_shulker_box":1,"minecraft:diamond_chestplate":1,"minecraft:cooked_cod":8,"minecraft:beetroot_seeds":52,"minecraft:pumpkin_pie":8,"minecraft:nether_bricks":4,"minecraft:diamond_boots":3,"minecraft:pink_tulip":1,"minecraft:gold_ingot":4,"minecraft:totem_of_undying":20,"minecraft:brick_stairs":1,"minecraft:glow_berries":2,"minecraft:mutton":10,"minecraft:white_wool":88,"minecraft:rail":4,"minecraft:wet_sponge":2,"minecraft:oxeye_daisy":1,"minecraft:yellow_shulker_box":4,"minecraft:crimson_stem":1,"minecraft:cut_sandstone":2,"minecraft:leather":16,"minecraft:mushroom_stew":2,"minecraft:oak_log":99,"minecraft:gunpowder":16,"minecraft:white_banner":9,"minecraft:orange_terracotta":1,"minecraft:cooked_mutton":40,"minecraft:smooth_sandstone":11,"minecraft:stone_bricks":6,"minecraft:apple":7,"minecraft:gray_carpet":37,"minecraft:kelp":385,"minecraft:iron_ingot":14,"minecraft:stone_pickaxe":1,"minecraft:cooked_chicken":35,"minecraft:glass_bottle":3,"minecraft:iron_sword":19,"minecraft:book":90,"minecraft:polished_andesite_stairs":1,"minecraft:milk_bucket":3,"minecraft:dandelion":10,"minecraft:gravel":429,"magistuarmory:longbow":19,"minecraft:amethyst_shard":64,"minecraft:soul_torch":22,"minecraft:white_bed":14,"minecraft:spruce_log":8,"minecraft:green_carpet":3,"minecraft:spider_eye":4,"usefulbackpacks:backpack_large":1,"minecraft:firework_rocket":50,"minecraft:stone_axe":6,"magistuarmory:diamond_concavehalberd":6,"minecraft:tide_armor_trim_smithing_template":2,"minecraft:iron_helmet":15,"minecraft:painting":2,"minecraft:baked_potato":1,"minecraft:smooth_quartz_slab":3,"minecraft:coal":81,"minecraft:ender_pearl":3},"minecraft:broken":{"minecraft:iron_shovel":1,"minecraft:iron_boots":2,"minecraft:iron_chestplate":1,"minecraft:stone_pickaxe":4,"minecraft:iron_sword":1,"minecraft:stone_shovel":2,"minecraft:wooden_pickaxe":1,"minecraft:iron_pickaxe":4,"minecraft:iron_helmet":2}},"DataVersion":3465}