{"stats":{"minecraft:killed":{"minecraft:cave_spider":11,"minecraft:skeleton":47,"minecraft:guardian":3,"minecraft:chicken":28,"minecraft:magma_cube":7,"minecraft:pillager":52,"minecraft:zombie":159,"minecraft:cow":16,"minecraft:evoker":5,"minecraft:vindicator":33,"minecraft:husk":24,"minecraft:enderman":10,"minecraft:spider":10,"minecraft:silverfish":30,"minecraft:piglin":7,"minecraft:pig":5,"minecraft:zombie_villager":39,"minecraft:creeper":8,"minecraft:sheep":7,"minecraft:stray":2,"minecraft:ghast":4,"minecraft:vex":2,"minecraft:drowned":1,"minecraft:hoglin":7},"minecraft:dropped":{"minecraft:iron_sword":10,"minecraft:lapis_lazuli":90,"minecraft:cooked_beef":8,"minecraft:glass_bottle":3,"minecraft:cooked_porkchop":29,"xpbook:xp_tome":3,"minecraft:elytra":2,"minecraft:emerald":127,"magistuarmory:longbow":9,"minecraft:dirt":94,"minecraft:red_bed":1,"minecraft:iron_pickaxe":11,"minecraft:oak_door":11,"minecraft:stone_axe":2,"minecraft:lever":3,"minecraft:cooked_chicken":16,"minecraft:cobbled_deepslate":1,"minecraft:rotten_flesh":8,"minecraft:enchanted_golden_apple":5,"magistuarmory:leather_strip":4,"minecraft:enchanted_book":1,"minecraft:iron_ingot":3,"minecraft:wheat_seeds":5,"minecraft:prismarine_crystals":4,"minecraft:iron_helmet":4,"minecraft:cobblestone":2,"minecraft:spruce_door":3,"minecraft:golden_apple":5,"minecraft:cooked_salmon":1,"minecraft:diamond_helmet":1,"minecraft:potion":6,"minecraft:iron_shovel":1,"minecraft:string":8,"minecraft:gray_carpet":12,"minecraft:beetroot_soup":1,"magistuarmory:diamond_zweihander":3,"minecraft:stone_sword":1,"minecraft:bowl":2,"minecraft:iron_boots":7,"minecraft:white_shulker_box":1,"minecraft:shears":1,"minecraft:diamond_pickaxe":1,"minecraft:stone_bricks":17,"minecraft:sandstone":31,"minecraft:moss_block":4,"minecraft:baked_potato":10,"minecraft:ender_pearl":1,"minecraft:tide_armor_trim_smithing_template":1,"minecraft:leather":4,"minecraft:cod":1,"minecraft:flint":9,"minecraft:cracked_polished_blackstone_bricks":3,"minecraft:cooked_cod":3,"minecraft:wet_sponge":1,"mcwbridges:cobblestone_bridge":423,"minecraft:cooked_mutton":5,"minecraft:carrot":17,"minecraft:sandstone_wall":1,"minecraft:trident":1,"minecraft:azalea":1,"minecraft:arrow":6,"minecraft:written_book":1,"minecraft:firework_rocket":80,"minecraft:water_bucket":3,"minecraft:bread":21,"minecraft:golden_helmet":1,"minecraft:diamond_leggings":1,"minecraft:poisonous_potato":1,"minecraft:prismarine_shard":11,"minecraft:stick":1,"minecraft:milk_bucket":9,"minecraft:torch":16,"minecraft:smooth_quartz":102,"minecraft:iron_door":1,"minecraft:iron_leggings":10,"minecraft:iron_axe":10,"minecraft:brown_dye":57,"minecraft:tuff":1,"minecraft:raw_iron":1,"minecraft:totem_of_undying":5,"minecraft:shield":3,"minecraft:diamond_chestplate":1,"minecraft:iron_chestplate":10,"minecraft:light_gray_bed":1,"minecraft:light_blue_terracotta":1},"minecraft:used":{"minecraft:smooth_quartz_slab":72,"minecraft:poppy":2,"minecraft:elytra":1,"minecraft:chest":25,"minecraft:white_shulker_box":2,"minecraft:rotten_flesh":30,"minecraft:snowball":28,"minecraft:azure_bluet":1,"minecraft:lava_bucket":1,"minecraft:grass_block":1,"minecraft:orange_shulker_box":4,"minecraft:bow":26,"minecraft:sweet_berries":22,"minecraft:oak_sapling":7,"minecraft:furnace":6,"minecraft:egg":154,"minecraft:potato":44,"minecraft:mossy_stone_bricks":9,"minecraft:spruce_door":6,"minecraft:wooden_pickaxe":68,"minecraft:mossy_stone_brick_stairs":3,"minecraft:cookie":5,"minecraft:smooth_quartz_stairs":1,"minecraft:glow_berries":2,"minecraft:golden_apple":6,"minecraft:blue_ice":48,"minecraft:gray_concrete":1,"magistuarmory:longbow":41,"minecraft:polished_granite":1,"magistuarmory:diamond_concavehalberd":218,"minecraft:smithing_table":1,"minecraft:enchanting_table":1,"minecraft:stone_sword":55,"minecraft:cooked_salmon":10,"minecraft:netherrack":147,"minecraft:light_gray_shulker_box":2,"minecraft:torch":122,"minecraft:brewing_stand":1,"minecraft:anvil":1,"minecraft:red_shulker_box":4,"minecraft:iron_axe":206,"minecraft:smooth_quartz":75,"mcwbridges:cobblestone_bridge":763,"minecraft:wheat_seeds":66,"minecraft:water_bucket":38,"minecraft:yellow_shulker_box":4,"minecraft:crafting_table":16,"minecraft:red_bed":7,"minecraft:white_bed":19,"minecraft:cake":2,"minecraft:oak_log":3,"minecraft:dark_prismarine":1,"minecraft:diamond_pickaxe":2001,"minecraft:cornflower":1,"minecraft:oxeye_daisy":1,"minecraft:diamond_shovel":4,"minecraft:iron_pickaxe":1883,"minecraft:spruce_sapling":3,"minecraft:blue_carpet":3,"minecraft:green_carpet":3,"minecraft:cobblestone":157,"minecraft:potion":5,"minecraft:cooked_porkchop":23,"minecraft:dandelion":6,"minecraft:diamond_leggings":1,"minecraft:iron_shovel":369,"minecraft:shield":77,"minecraft:iron_sword":310,"minecraft:iron_chestplate":12,"minecraft:carrot":199,"minecraft:obsidian":10,"minecraft:milk_bucket":7,"minecraft:lantern":2,"minecraft:iron_helmet":6,"minecraft:stone_bricks":2,"minecraft:redstone_lamp":1,"minecraft:brown_carpet":3,"minecraft:written_book":35,"minecraft:blue_shulker_box":9,"minecraft:skeleton_skull":1,"minecraft:end_rod":1,"minecraft:diamond_boots":1,"minecraft:stone_pickaxe":522,"minecraft:gray_carpet":19,"minecraft:oak_planks":81,"minecraft:ender_pearl":1,"minecraft:sugar_cane":70,"minecraft:diamond_axe":32,"minecraft:white_wool":38,"minecraft:mushroom_stew":2,"minecraft:lingering_potion":6,"minecraft:firework_rocket":56,"minecraft:light_gray_concrete":27,"minecraft:melon_slice":14,"minecraft:bread":6,"minecraft:iron_door":1,"minecraft:gravel":69,"minecraft:golden_helmet":1,"minecraft:smooth_stone_slab":2,"minecraft:coarse_dirt":3,"minecraft:bone_meal":15,"minecraft:experience_bottle":127,"minecraft:flint_and_steel":1,"minecraft:white_tulip":1,"minecraft:stone_shovel":287,"minecraft:dried_kelp":1,"minecraft:light_blue_terracotta":1,"minecraft:spruce_planks":18,"minecraft:cooked_chicken":46,"minecraft:oak_door":6,"minecraft:dirt":892,"minecraft:white_carpet":3,"minecraft:diamond_helmet":1,"minecraft:shulker_box":9,"minecraft:bookshelf":20,"minecraft:iron_boots":10,"minecraft:crimson_planks":13,"minecraft:cooked_beef":26,"minecraft:enchanted_golden_apple":3,"minecraft:iron_leggings":7,"minecraft:beetroot_soup":6,"minecraft:cooked_mutton":12,"minecraft:pink_tulip":1,"minecraft:glass_bottle":4,"minecraft:baked_potato":46,"minecraft:cut_sandstone":1,"minecraft:black_shulker_box":10,"minecraft:cobblestone_slab":448,"minecraft:stripped_dark_oak_log":2,"magistuarmory:diamond_zweihander":2,"magistuarmory:diamond_flamebladedsword":238,"minecraft:painting":1,"minecraft:flower_pot":1,"minecraft:apple":4,"minecraft:chicken":1,"minecraft:map":1,"minecraft:stone_slab":126,"minecraft:stone_axe":123,"minecraft:white_banner":3,"minecraft:bucket":41,"minecraft:pumpkin_pie":5,"minecraft:purple_carpet":1,"minecraft:smooth_stone":1,"minecraft:splash_potion":6},"minecraft:mined":{"minecraft:dark_prismarine_stairs":2,"minecraft:blue_carpet":3,"minecraft:red_shulker_box":4,"minecraft:white_bed":15,"mcwbridges:cobblestone_bridge":20,"minecraft:jungle_leaves":5,"minecraft:obsidian":15,"minecraft:granite":32,"minecraft:yellow_carpet":1,"minecraft:jungle_log":68,"minecraft:oxeye_daisy":1,"minecraft:red_stained_glass_pane":1,"minecraft:spawner":46,"minecraft:light_blue_stained_glass":5,"minecraft:polished_blackstone_bricks":70,"minecraft:tall_seagrass":3,"minecraft:magma_block":18,"minecraft:fire":33,"minecraft:deepslate_lapis_ore":4,"minecraft:water_cauldron":1,"minecraft:dirt_path":5,"minecraft:quartz_slab":6,"minecraft:small_amethyst_bud":1,"minecraft:light_gray_concrete":121,"minecraft:green_carpet":4,"minecraft:smooth_sandstone_stairs":1,"minecraft:white_shulker_box":1,"minecraft:tripwire":2,"minecraft:soul_wall_torch":6,"minecraft:cut_sandstone":13,"minecraft:brown_mushroom":5,"minecraft:red_bed":9,"minecraft:kelp_plant":52,"minecraft:crimson_nylium":2,"minecraft:soul_fire":2,"minecraft:amethyst_cluster":16,"minecraft:powder_snow":3,"minecraft:torch":4,"minecraft:melon":3,"minecraft:polished_andesite_stairs":1,"minecraft:white_stained_glass_pane":3,"minecraft:smooth_quartz_slab":8,"minecraft:glass":16,"minecraft:sugar_cane":307,"minecraft:wheat":41,"minecraft:birch_door":1,"minecraft:stone_brick_stairs":1,"minecraft:grass":210,"minecraft:smooth_quartz":206,"minecraft:sandstone_wall":1,"minecraft:blue_shulker_box":9,"minecraft:deepslate":2,"minecraft:light_blue_stained_glass_pane":2,"minecraft:dark_prismarine":4,"minecraft:blue_stained_glass_pane":1,"minecraft:stripped_birch_log":6,"minecraft:sea_lantern":5,"minecraft:shulker_box":8,"minecraft:nether_bricks":4,"minecraft:orange_shulker_box":4,"minecraft:moss_block":4,"minecraft:kelp":7,"minecraft:magenta_stained_glass_pane":2,"minecraft:redstone_ore":8,"minecraft:andesite":6,"minecraft:potatoes":18,"minecraft:cobblestone_slab":6,"minecraft:vine":33,"minecraft:smooth_quartz_stairs":6,"minecraft:bamboo":2,"minecraft:white_wool":64,"minecraft:birch_stairs":1,"minecraft:gray_concrete":1,"minecraft:soul_sand":1,"minecraft:brown_carpet":1,"minecraft:dandelion":1,"minecraft:smooth_sandstone":4,"minecraft:cornflower":1,"minecraft:emerald_ore":1,"minecraft:tall_grass":106,"minecraft:diorite":2,"minecraft:orange_carpet":1,"minecraft:black_stained_glass":5,"minecraft:coarse_dirt":5,"minecraft:white_carpet":3,"minecraft:spruce_log":6,"minecraft:birch_leaves":1,"minecraft:gravel":379,"minecraft:cobweb":63,"minecraft:stone_bricks":26,"minecraft:gold_ore":16,"minecraft:black_shulker_box":10,"minecraft:large_amethyst_bud":2,"minecraft:spruce_planks":2,"minecraft:orange_stained_glass":2,"minecraft:grass_block":287,"minecraft:cracked_polished_blackstone_bricks":31,"minecraft:gilded_blackstone":2,"minecraft:smooth_stone":2,"minecraft:iron_ore":291,"minecraft:purple_carpet":1,"minecraft:deepslate_redstone_ore":3,"minecraft:quartz_block":359,"minecraft:blackstone":7,"minecraft:soul_lantern":5,"minecraft:clay":11,"minecraft:calcite":1,"minecraft:chest":17,"minecraft:nether_quartz_ore":171,"minecraft:cobblestone":47,"minecraft:oak_planks":11,"minecraft:iron_door":2,"minecraft:wall_torch":10,"minecraft:seagrass":7,"minecraft:light_blue_terracotta":23,"minecraft:blue_ice":122,"minecraft:smooth_stone_slab":2,"minecraft:oak_log":119,"minecraft:beetroots":17,"minecraft:sand":4,"minecraft:dirt":290,"minecraft:crimson_planks":7,"minecraft:netherrack":424,"minecraft:oak_leaves":48,"minecraft:redstone_lamp":1,"minecraft:nether_gold_ore":7,"minecraft:diamond_ore":15,"minecraft:tuff":1,"minecraft:quartz_stairs":36,"minecraft:potted_wither_rose":1,"minecraft:deepslate_diamond_ore":2,"minecraft:brick_stairs":1,"minecraft:infested_chiseled_stone_bricks":15,"minecraft:sandstone":4,"minecraft:carrots":51,"minecraft:light_gray_shulker_box":2,"minecraft:black_concrete":18,"minecraft:gold_block":110,"minecraft:bookshelf":45,"minecraft:packed_ice":69,"minecraft:stone":1771,"minecraft:yellow_shulker_box":4,"minecraft:magenta_stained_glass":2,"minecraft:infested_stone_bricks":1,"minecraft:stripped_dark_oak_log":2,"minecraft:basalt":1,"minecraft:polished_granite":1,"minecraft:crafting_table":8,"minecraft:stone_slab":1,"minecraft:lapis_ore":5,"minecraft:polished_blackstone_brick_stairs":2,"minecraft:prismarine_bricks":4,"minecraft:sea_pickle":3,"minecraft:ice":6,"minecraft:coal_ore":89,"minecraft:end_rod":1,"minecraft:cyan_carpet":1,"minecraft:gray_carpet":16,"minecraft:crimson_fence":1,"minecraft:mossy_stone_bricks":30},"minecraft:crafted":{"minecraft:blaze_powder":5,"minecraft:diamond_shovel":1,"minecraft:bookshelf":20,"minecraft:cooked_mutton":22,"minecraft:glass":3,"minecraft:quartz_block":80,"minecraft:diamond_helmet":2,"minecraft:diamond_leggings":1,"minecraft:glass_bottle":3,"minecraft:emerald":174,"minecraft:cooked_porkchop":47,"minecraft:diamond_axe":1,"minecraft:spruce_door":9,"minecraft:smithing_table":1,"minecraft:stone_slab":126,"usefulbackpacks:backpack_large":1,"minecraft:iron_pickaxe":8,"minecraft:iron_block":25,"minecraft:gold_ingot":1787,"minecraft:golden_carrot":1,"minecraft:stone_shovel":2,"minecraft:experience_bottle":63,"minecraft:diamond":63,"minecraft:stone_pickaxe":4,"minecraft:diamond_boots":1,"minecraft:golden_helmet":3,"minecraft:crossbow":2,"minecraft:enchanting_table":1,"mcwbridges:cobblestone_bridge":1644,"minecraft:enchanted_book":6,"minecraft:fermented_spider_eye":2,"minecraft:iron_shovel":3,"minecraft:iron_leggings":7,"minecraft:white_bed":2,"minecraft:oak_planks":508,"minecraft:cobblestone_slab":1596,"minecraft:music_disc_strad":2,"minecraft:cooked_chicken":32,"usefulbackpacks:backpack_small":2,"magistuarmory:diamond_zweihander":2,"minecraft:bow":3,"minecraft:iron_boots":4,"magistuarmory:diamond_concavehalberd":1,"minecraft:chest":7,"magistuarmory:pole":1,"magistuarmory:diamond_shortsword":2,"minecraft:crafting_table":8,"minecraft:spruce_planks":56,"minecraft:baked_potato":56,"minecraft:wooden_pickaxe":1,"minecraft:iron_helmet":5,"minecraft:gold_block":24,"minecraft:iron_chestplate":6,"minecraft:paper":474,"minecraft:charcoal":105,"minecraft:diamond_pickaxe":2,"minecraft:shield":3,"minecraft:stick":116,"minecraft:iron_ingot":592,"minecraft:stone_sword":1,"minecraft:snow_block":33,"xpbook:xp_tome":1,"minecraft:shears":1,"magistuarmory:leather_strip":6,"minecraft:oak_door":21,"minecraft:furnace":6,"magistuarmory:hilt":2,"minecraft:iron_axe":7,"magistuarmory:steel_ingot":28,"minecraft:cobblestone_wall":822,"minecraft:smooth_quartz_slab":72,"usefulbackpacks:backpack_medium":2,"magistuarmory:diamond_flamebladedsword":1,"minecraft:cooked_beef":29,"minecraft:sugar":2,"minecraft:crimson_planks":8,"minecraft:iron_sword":4,"minecraft:bucket":15,"minecraft:stone_axe":1,"minecraft:bread":16,"minecraft:air":0,"minecraft:gold_nugget":9,"minecraft:anvil":1,"minecraft:torch":68,"minecraft:diamond_chestplate":1,"minecraft:firework_rocket":198},"minecraft:killed_by":{"minecraft:vindicator":4,"minecraft:zombie":1,"minecraft:vex":7,"minecraft:creeper":2,"minecraft:elder_guardian":2,"minecraft:player":12,"minecraft:spider":1,"minecraft:enderman":1,"minecraft:skeleton":1},"minecraft:custom":{"minecraft:interact_with_crafting_table":122,"minecraft:open_barrel":31,"minecraft:bell_ring":1,"minecraft:eat_cake_slice":6,"minecraft:leave_game":31,"minecraft:time_since_death":102027,"minecraft:damage_blocked_by_shield":3530,"minecraft:play_time":1079352,"minecraft:deaths":87,"minecraft:jump":11244,"minecraft:enchant_item":13,"minecraft:interact_with_furnace":258,"minecraft:traded_with_villager":231,"minecraft:interact_with_cartography_table":1,"minecraft:sleep_in_bed":61,"minecraft:damage_dealt":49506,"minecraft:interact_with_smoker":7,"minecraft:interact_with_smithing_table":3,"minecraft:interact_with_anvil":21,"minecraft:sneak_time":109675,"minecraft:interact_with_lectern":6,"minecraft:interact_with_blast_furnace":13,"minecraft:total_world_time":1079352,"minecraft:interact_with_stonecutter":1,"minecraft:time_since_rest":14051,"minecraft:swim_one_cm":453103,"minecraft:fly_one_cm":2201876,"minecraft:open_chest":1152,"minecraft:fall_one_cm":149464,"minecraft:animals_bred":73,"minecraft:open_shulker_box":234,"minecraft:damage_resisted":172,"minecraft:sprint_one_cm":1677264,"minecraft:drop":276,"minecraft:talked_to_villager":150,"minecraft:interact_with_brewingstand":35,"minecraft:walk_on_water_one_cm":86428,"minecraft:player_kills":6,"minecraft:crouch_one_cm":342414,"minecraft:mob_kills":546,"minecraft:climb_one_cm":35854,"minecraft:walk_one_cm":3350089,"minecraft:raid_win":2,"minecraft:walk_under_water_one_cm":171083,"minecraft:raid_trigger":1,"minecraft:damage_absorbed":488,"minecraft:damage_taken":36896,"minecraft:aviate_one_cm":3173703},"minecraft:picked_up":{"minecraft:iron_chestplate":25,"minecraft:flower_pot":1,"minecraft:prismarine_shard":28,"minecraft:wither_rose":1,"minecraft:enchanted_book":6,"minecraft:brewing_stand":2,"minecraft:polished_blackstone_brick_stairs":1,"minecraft:string":155,"minecraft:cooked_salmon":6,"minecraft:beetroot_soup":8,"minecraft:shroomlight":1,"minecraft:blue_stained_glass_pane":1,"minecraft:beetroot":13,"minecraft:diamond_leggings":2,"minecraft:gold_nugget":105,"minecraft:cobbled_deepslate":1,"minecraft:crimson_fence":1,"minecraft:spruce_planks":81,"minecraft:written_book":8,"minecraft:enchanted_golden_apple":5,"minecraft:melon_slice":14,"minecraft:golden_helmet":2,"minecraft:sandstone_wall":1,"minecraft:warped_door":3,"minecraft:cauldron":1,"minecraft:brown_carpet":3,"minecraft:stone_sword":2,"minecraft:light_gray_bed":2,"minecraft:end_rod":1,"minecraft:netherite_chestplate":1,"minecraft:snowball":104,"minecraft:cooked_beef":51,"minecraft:feather":47,"minecraft:magma_block":18,"minecraft:iron_door":5,"minecraft:water_bucket":8,"minecraft:jungle_log":64,"magistuarmory:diamond_zweihander":2,"minecraft:flint":39,"minecraft:gray_concrete":1,"minecraft:lantern":2,"minecraft:purple_carpet":1,"minecraft:diamond_helmet":3,"minecraft:glowstone_dust":4,"minecraft:moss_block":4,"minecraft:stripped_crimson_stem":1,"minecraft:ink_sac":7,"minecraft:lever":3,"minecraft:blue_ice":103,"minecraft:granite":32,"minecraft:bread":13,"minecraft:light_gray_carpet":2,"minecraft:diamond_pickaxe":6,"minecraft:crafting_table":11,"minecraft:coarse_dirt":5,"minecraft:clay_ball":44,"minecraft:redstone_lamp":1,"usefulbackpacks:backpack_medium":4,"minecraft:cornflower":1,"minecraft:red_bed":11,"minecraft:elytra":7,"minecraft:flint_and_steel":1,"minecraft:white_carpet":11,"minecraft:iron_shovel":13,"minecraft:music_disc_otherside":1,"minecraft:beef":35,"minecraft:poppy":9,"minecraft:quartz_stairs":103,"minecraft:chest":21,"minecraft:egg":152,"minecraft:sandstone":56,"minecraft:stone":73,"minecraft:raw_gold_block":3,"minecraft:glow_item_frame":3,"minecraft:cake":1,"minecraft:carrot":249,"minecraft:redstone":52,"minecraft:prismarine_crystals":22,"minecraft:blue_carpet":9,"minecraft:stone_shovel":1,"minecraft:diamond_chestplate":5,"minecraft:cooked_cod":8,"minecraft:beetroot_seeds":52,"minecraft:diamond_boots":5,"minecraft:gold_ingot":4,"minecraft:totem_of_undying":22,"minecraft:mutton":10,"minecraft:white_shulker_box":4,"minecraft:glow_berries":2,"minecraft:rail":4,"minecraft:white_wool":88,"minecraft:oxeye_daisy":1,"minecraft:yellow_shulker_box":6,"minecraft:tripwire_hook":1,"minecraft:oak_log":126,"minecraft:golden_boots":1,"minecraft:paper":19,"minecraft:white_banner":10,"minecraft:apple":8,"minecraft:stone_bricks":26,"minecraft:kelp":389,"minecraft:stone_pickaxe":1,"minecraft:iron_ore":4,"minecraft:glass_bottle":3,"minecraft:iron_sword":19,"minecraft:polished_andesite_stairs":1,"minecraft:milk_bucket":3,"minecraft:white_stained_glass_pane":2,"minecraft:spyglass":2,"minecraft:gravel":429,"magistuarmory:longbow":21,"minecraft:spruce_sapling":3,"minecraft:spruce_log":14,"minecraft:light_blue_stained_glass":1,"minecraft:sea_lantern":2,"minecraft:firework_rocket":66,"minecraft:stone_axe":6,"minecraft:tide_armor_trim_smithing_template":2,"minecraft:light_blue_carpet":20,"minecraft:painting":2,"minecraft:baked_potato":1,"minecraft:stripped_dark_oak_log":2,"minecraft:smooth_quartz_slab":5,"minecraft:ender_pearl":4,"minecraft:wheat":58,"minecraft:light_gray_shulker_box":2,"minecraft:potion":17,"minecraft:crimson_planks":13,"minecraft:smooth_stone_slab":4,"minecraft:iron_leggings":25,"minecraft:experience_bottle":7,"minecraft:sea_pickle":12,"minecraft:tnt_minecart":2,"minecraft:black_shulker_box":11,"minecraft:smooth_stone":2,"minecraft:white_tulip":1,"minecraft:rose_bush":2,"minecraft:cobblestone_slab":153,"minecraft:calcite":1,"minecraft:ender_eye":2,"minecraft:azalea":1,"minecraft:smooth_quartz":546,"minecraft:iron_pickaxe":30,"minecraft:smooth_quartz_stairs":8,"minecraft:iron_boots":22,"minecraft:tipped_arrow":5,"minecraft:stick":66,"minecraft:orange_shulker_box":4,"minecraft:oak_fence":2,"minecraft:torch":432,"minecraft:porkchop":13,"magistuarmory:diamond_flamebladedsword":6,"minecraft:diorite":4,"minecraft:vine":19,"minecraft:quartz_block":902,"minecraft:cactus":1,"mcwbridges:cobblestone_bridge":786,"minecraft:rotten_flesh":301,"minecraft:obsidian":14,"minecraft:cod":4,"minecraft:cobblestone":1827,"minecraft:potato":77,"magistuarmory:hilt":4,"minecraft:tuff":1,"minecraft:smooth_sandstone_stairs":2,"minecraft:prismarine_bricks":6,"minecraft:dirt":1461,"minecraft:lapis_lazuli":155,"minecraft:stripped_birch_log":6,"minecraft:polished_granite":1,"minecraft:name_tag":1,"minecraft:bone":228,"minecraft:bow":9,"minecraft:wheat_seeds":167,"minecraft:raw_gold":28,"minecraft:mossy_stone_bricks":37,"minecraft:bamboo":25,"minecraft:oak_planks":103,"minecraft:mossy_stone_brick_stairs":3,"minecraft:cooked_porkchop":122,"minecraft:poisonous_potato":1,"minecraft:sand":7,"minecraft:grass_block":4,"minecraft:shulker_box":10,"minecraft:dark_prismarine":3,"minecraft:light_gray_concrete":115,"minecraft:yellow_carpet":3,"minecraft:light_blue_terracotta":27,"minecraft:soul_lantern":5,"minecraft:diamond":24,"minecraft:black_concrete":12,"minecraft:netherite_helmet":1,"minecraft:cracked_polished_blackstone_bricks":32,"minecraft:crossbow":7,"minecraft:golden_apple":5,"minecraft:emerald":91,"minecraft:oak_sapling":14,"minecraft:netherrack":487,"minecraft:lingering_potion":25,"minecraft:charcoal":3,"minecraft:chicken":29,"minecraft:brown_mushroom":5,"minecraft:packed_ice":15,"minecraft:wooden_pickaxe":1,"minecraft:gold_block":110,"minecraft:shield":20,"minecraft:iron_axe":28,"minecraft:quartz_slab":15,"minecraft:blackstone":4,"minecraft:cyan_carpet":4,"minecraft:dark_prismarine_stairs":1,"minecraft:light_gray_wool":2,"minecraft:blue_shulker_box":9,"minecraft:sugar_cane":408,"minecraft:dark_oak_sapling":6,"minecraft:raw_iron":298,"minecraft:copper_ingot":1,"minecraft:bowl":5,"minecraft:polished_blackstone_bricks":69,"minecraft:cookie":5,"minecraft:trident":2,"minecraft:arrow":397,"minecraft:red_shulker_box":4,"minecraft:light_blue_stained_glass_pane":2,"minecraft:pumpkin_pie":8,"minecraft:nether_bricks":4,"minecraft:pink_tulip":1,"minecraft:brick_stairs":1,"minecraft:wet_sponge":2,"minecraft:basalt":1,"minecraft:crimson_stem":1,"minecraft:cut_sandstone":2,"minecraft:leather":17,"minecraft:mushroom_stew":2,"minecraft:chainmail_chestplate":2,"minecraft:gunpowder":27,"minecraft:orange_terracotta":1,"minecraft:cooked_mutton":43,"minecraft:smooth_sandstone":11,"minecraft:gray_carpet":38,"minecraft:iron_ingot":18,"minecraft:cooked_chicken":47,"minecraft:soul_sand":1,"minecraft:book":174,"minecraft:quartz":322,"minecraft:dandelion":10,"minecraft:lava_bucket":1,"minecraft:amethyst_shard":64,"minecraft:soul_torch":26,"minecraft:white_bed":16,"minecraft:green_carpet":3,"minecraft:spider_eye":7,"usefulbackpacks:backpack_large":1,"xpbook:xp_tome":1,"magistuarmory:diamond_concavehalberd":6,"minecraft:iron_helmet":16,"minecraft:coal":86},"minecraft:broken":{"minecraft:iron_boots":2,"minecraft:iron_chestplate":1,"minecraft:iron_sword":1,"minecraft:wooden_pickaxe":1,"minecraft:iron_pickaxe":6,"minecraft:iron_helmet":2,"minecraft:iron_shovel":1,"minecraft:stone_pickaxe":4,"minecraft:stone_axe":1,"minecraft:stone_shovel":2}},"DataVersion":3465}