{"stats":{"minecraft:killed":{"minecraft:cave_spider":5,"minecraft:spider":6,"minecraft:skeleton":21,"minecraft:chicken":2,"minecraft:magma_cube":7,"minecraft:pig":5,"minecraft:creeper":5,"minecraft:sheep":7,"minecraft:pillager":50,"minecraft:zombie":7,"minecraft:stray":1,"minecraft:ghast":2,"minecraft:cow":7,"minecraft:evoker":5,"minecraft:vex":2,"minecraft:vindicator":33,"minecraft:husk":21,"minecraft:enderman":5},"minecraft:dropped":{"minecraft:iron_sword":9,"minecraft:lapis_lazuli":26,"minecraft:cooked_beef":8,"minecraft:baked_potato":10,"minecraft:ender_pearl":1,"minecraft:cooked_porkchop":20,"minecraft:emerald":127,"minecraft:flint":9,"minecraft:dirt":80,"magistuarmory:longbow":9,"minecraft:iron_pickaxe":10,"mcwbridges:cobblestone_bridge":103,"minecraft:stone_axe":1,"minecraft:lever":3,"minecraft:cooked_chicken":16,"minecraft:enchanted_golden_apple":2,"minecraft:cooked_mutton":5,"minecraft:carrot":1,"minecraft:arrow":6,"minecraft:written_book":1,"minecraft:water_bucket":2,"minecraft:bread":21,"minecraft:wheat_seeds":2,"minecraft:iron_helmet":4,"minecraft:cobblestone":2,"minecraft:golden_apple":5,"minecraft:stick":1,"minecraft:torch":15,"minecraft:smooth_quartz":102,"minecraft:iron_door":1,"minecraft:iron_leggings":10,"minecraft:iron_axe":9,"minecraft:iron_shovel":1,"minecraft:string":8,"minecraft:gray_carpet":12,"magistuarmory:diamond_zweihander":3,"minecraft:stone_sword":1,"minecraft:bowl":2,"minecraft:raw_iron":1,"minecraft:iron_boots":7,"minecraft:totem_of_undying":4,"minecraft:shears":1,"minecraft:shield":3,"minecraft:iron_chestplate":9,"minecraft:light_gray_bed":1,"minecraft:sandstone":31,"minecraft:light_blue_terracotta":1},"minecraft:used":{"minecraft:iron_shovel":250,"minecraft:poppy":2,"minecraft:chest":14,"minecraft:shield":76,"minecraft:iron_sword":303,"minecraft:rotten_flesh":2,"minecraft:iron_chestplate":7,"minecraft:carrot":135,"minecraft:obsidian":10,"minecraft:snowball":1,"minecraft:azure_bluet":1,"minecraft:lantern":2,"minecraft:grass_block":1,"minecraft:orange_shulker_box":2,"minecraft:iron_helmet":3,"minecraft:brown_carpet":3,"minecraft:blue_shulker_box":1,"minecraft:written_book":32,"minecraft:oak_sapling":6,"minecraft:furnace":5,"minecraft:egg":61,"minecraft:potato":44,"minecraft:stone_pickaxe":522,"minecraft:gray_carpet":17,"minecraft:oak_planks":52,"minecraft:wooden_pickaxe":68,"minecraft:sugar_cane":69,"minecraft:smooth_quartz_stairs":1,"minecraft:cookie":5,"minecraft:golden_apple":6,"minecraft:mushroom_stew":2,"minecraft:gray_concrete":1,"minecraft:lingering_potion":6,"magistuarmory:longbow":37,"minecraft:bread":6,"minecraft:polished_granite":1,"minecraft:iron_door":1,"minecraft:gravel":69,"magistuarmory:diamond_concavehalberd":164,"minecraft:smooth_stone_slab":2,"minecraft:bone_meal":15,"minecraft:stone_sword":55,"minecraft:flint_and_steel":1,"minecraft:stone_shovel":287,"minecraft:dried_kelp":1,"minecraft:light_blue_terracotta":1,"minecraft:cooked_salmon":10,"minecraft:cooked_chicken":5,"minecraft:netherrack":8,"minecraft:light_gray_shulker_box":1,"minecraft:torch":28,"minecraft:brewing_stand":1,"minecraft:dirt":801,"minecraft:white_carpet":3,"minecraft:shulker_box":5,"minecraft:red_shulker_box":1,"minecraft:iron_axe":90,"minecraft:iron_boots":7,"minecraft:smooth_quartz":23,"mcwbridges:cobblestone_bridge":372,"minecraft:cooked_beef":14,"minecraft:beetroot_soup":6,"minecraft:iron_leggings":5,"minecraft:wheat_seeds":66,"minecraft:cooked_mutton":5,"minecraft:water_bucket":2,"minecraft:yellow_shulker_box":1,"minecraft:baked_potato":46,"minecraft:cut_sandstone":1,"minecraft:black_shulker_box":9,"minecraft:cobblestone_slab":423,"minecraft:crafting_table":10,"minecraft:white_bed":16,"minecraft:painting":1,"minecraft:cake":2,"minecraft:oak_log":3,"minecraft:diamond_pickaxe":487,"minecraft:oxeye_daisy":1,"minecraft:chicken":1,"minecraft:iron_pickaxe":542,"minecraft:stone_axe":17,"minecraft:green_carpet":3,"minecraft:cobblestone":47,"minecraft:white_banner":3,"minecraft:cooked_porkchop":14,"minecraft:bucket":2,"minecraft:pumpkin_pie":5,"minecraft:dandelion":6,"minecraft:smooth_stone":1},"minecraft:mined":{"minecraft:black_shulker_box":10,"minecraft:red_shulker_box":1,"minecraft:white_bed":12,"mcwbridges:cobblestone_bridge":17,"minecraft:obsidian":11,"minecraft:granite":12,"minecraft:grass_block":262,"minecraft:oxeye_daisy":1,"minecraft:red_stained_glass_pane":1,"minecraft:spawner":16,"minecraft:light_blue_stained_glass":4,"minecraft:tall_seagrass":3,"minecraft:smooth_stone":2,"minecraft:iron_ore":267,"minecraft:fire":10,"minecraft:water_cauldron":1,"minecraft:light_gray_concrete":1,"minecraft:green_carpet":4,"minecraft:smooth_sandstone_stairs":1,"minecraft:cut_sandstone":13,"minecraft:red_bed":1,"minecraft:kelp_plant":49,"minecraft:soul_fire":2,"minecraft:chest":12,"minecraft:white_stained_glass_pane":1,"minecraft:smooth_quartz_slab":1,"minecraft:glass":1,"minecraft:cobblestone":11,"minecraft:sugar_cane":191,"minecraft:oak_planks":1,"minecraft:iron_door":2,"minecraft:seagrass":7,"minecraft:light_blue_terracotta":23,"minecraft:wheat":41,"minecraft:birch_door":1,"minecraft:stone_brick_stairs":1,"minecraft:smooth_stone_slab":2,"minecraft:grass":136,"minecraft:oak_log":41,"minecraft:beetroots":17,"minecraft:sand":1,"minecraft:dirt":208,"minecraft:smooth_quartz":157,"minecraft:blue_shulker_box":1,"minecraft:netherrack":22,"minecraft:oak_leaves":39,"minecraft:stripped_birch_log":6,"minecraft:sea_lantern":2,"minecraft:shulker_box":7,"minecraft:orange_shulker_box":4,"minecraft:kelp":7,"minecraft:sandstone":4,"minecraft:redstone_ore":1,"minecraft:carrots":46,"minecraft:light_gray_shulker_box":2,"minecraft:black_concrete":18,"minecraft:potatoes":18,"minecraft:cobblestone_slab":6,"minecraft:smooth_quartz_stairs":1,"minecraft:stone":882,"minecraft:yellow_shulker_box":2,"minecraft:birch_stairs":1,"minecraft:gray_concrete":1,"minecraft:brown_carpet":1,"minecraft:dandelion":1,"minecraft:polished_granite":1,"minecraft:smooth_sandstone":4,"minecraft:crafting_table":6,"minecraft:tall_grass":59,"minecraft:lapis_ore":2,"minecraft:orange_carpet":1,"minecraft:black_stained_glass":4,"minecraft:sea_pickle":3,"minecraft:ice":6,"minecraft:white_carpet":3,"minecraft:coal_ore":47,"minecraft:gravel":379,"minecraft:gray_carpet":16,"minecraft:cobweb":39,"minecraft:gold_ore":9},"minecraft:crafted":{"minecraft:oak_planks":192,"minecraft:cobblestone_slab":924,"minecraft:cooked_chicken":6,"usefulbackpacks:backpack_small":1,"minecraft:cooked_mutton":15,"magistuarmory:diamond_zweihander":1,"minecraft:iron_boots":3,"minecraft:bow":1,"magistuarmory:diamond_concavehalberd":1,"minecraft:chest":3,"magistuarmory:pole":1,"minecraft:emerald":12,"magistuarmory:diamond_shortsword":1,"minecraft:cooked_porkchop":20,"minecraft:crafting_table":3,"minecraft:spruce_planks":32,"minecraft:baked_potato":56,"minecraft:wooden_pickaxe":1,"minecraft:iron_helmet":3,"minecraft:iron_chestplate":5,"minecraft:paper":207,"minecraft:diamond_pickaxe":1,"minecraft:shield":2,"minecraft:stick":64,"minecraft:iron_ingot":499,"minecraft:iron_pickaxe":4,"minecraft:iron_block":22,"minecraft:stone_sword":1,"minecraft:snow_block":33,"minecraft:shears":1,"minecraft:stone_shovel":2,"minecraft:furnace":5,"minecraft:diamond":36,"minecraft:iron_axe":6,"magistuarmory:steel_ingot":28,"minecraft:stone_pickaxe":4,"minecraft:cobblestone_wall":414,"usefulbackpacks:backpack_medium":1,"minecraft:cooked_beef":10,"minecraft:crossbow":2,"minecraft:iron_sword":4,"minecraft:bucket":1,"mcwbridges:cobblestone_bridge":828,"minecraft:stone_axe":1,"minecraft:bread":16,"minecraft:air":0,"minecraft:iron_shovel":2,"minecraft:iron_leggings":5,"minecraft:white_bed":2},"minecraft:killed_by":{"minecraft:creeper":1,"minecraft:vindicator":4,"minecraft:vex":7,"minecraft:player":1},"minecraft:custom":{"minecraft:animals_bred":52,"minecraft:interact_with_crafting_table":51,"minecraft:open_barrel":31,"minecraft:open_shulker_box":90,"minecraft:bell_ring":1,"minecraft:eat_cake_slice":6,"minecraft:leave_game":11,"minecraft:time_since_death":94556,"minecraft:sprint_one_cm":885257,"minecraft:damage_blocked_by_shield":3330,"minecraft:drop":172,"minecraft:talked_to_villager":70,"minecraft:play_time":492357,"minecraft:deaths":14,"minecraft:jump":4744,"minecraft:interact_with_brewingstand":4,"minecraft:walk_on_water_one_cm":35151,"minecraft:interact_with_furnace":131,"minecraft:traded_with_villager":12,"minecraft:interact_with_cartography_table":1,"minecraft:sleep_in_bed":30,"minecraft:damage_dealt":30999,"minecraft:crouch_one_cm":184866,"minecraft:interact_with_smoker":7,"minecraft:interact_with_smithing_table":1,"minecraft:mob_kills":205,"minecraft:interact_with_anvil":6,"minecraft:climb_one_cm":1822,"minecraft:walk_one_cm":1867020,"minecraft:raid_win":1,"minecraft:sneak_time":54105,"minecraft:walk_under_water_one_cm":30150,"minecraft:interact_with_blast_furnace":9,"minecraft:total_world_time":492357,"minecraft:time_since_rest":5856,"minecraft:damage_taken":13164,"minecraft:damage_absorbed":160,"minecraft:swim_one_cm":99329,"minecraft:fly_one_cm":856532,"minecraft:open_chest":389,"minecraft:fall_one_cm":43003},"minecraft:picked_up":{"minecraft:iron_chestplate":20,"minecraft:wheat":58,"minecraft:light_gray_shulker_box":2,"minecraft:potion":9,"minecraft:enchanted_book":2,"minecraft:brewing_stand":2,"minecraft:string":75,"minecraft:cooked_salmon":5,"minecraft:smooth_stone_slab":4,"minecraft:iron_leggings":19,"minecraft:beetroot_soup":7,"minecraft:beetroot":13,"minecraft:sea_pickle":12,"minecraft:tnt_minecart":2,"minecraft:black_shulker_box":11,"minecraft:smooth_stone":2,"minecraft:spruce_planks":5,"minecraft:written_book":5,"minecraft:rose_bush":2,"minecraft:cobblestone_slab":153,"minecraft:ender_eye":2,"minecraft:smooth_quartz":419,"minecraft:iron_pickaxe":24,"minecraft:enchanted_golden_apple":2,"minecraft:tipped_arrow":1,"minecraft:smooth_quartz_stairs":1,"minecraft:iron_boots":19,"minecraft:stick":12,"minecraft:orange_shulker_box":4,"minecraft:oak_fence":2,"minecraft:torch":326,"minecraft:porkchop":13,"minecraft:cauldron":1,"minecraft:brown_carpet":3,"minecraft:stone_sword":2,"minecraft:light_gray_bed":2,"minecraft:rotten_flesh":47,"mcwbridges:cobblestone_bridge":783,"minecraft:obsidian":10,"minecraft:snowball":52,"minecraft:cobblestone":1025,"minecraft:cooked_beef":37,"minecraft:feather":7,"minecraft:iron_door":5,"minecraft:water_bucket":3,"magistuarmory:diamond_zweihander":2,"minecraft:potato":77,"minecraft:flint":39,"magistuarmory:hilt":4,"minecraft:smooth_sandstone_stairs":2,"minecraft:stripped_birch_log":6,"minecraft:gray_concrete":1,"minecraft:lapis_lazuli":17,"minecraft:dirt":1323,"minecraft:lantern":2,"minecraft:polished_granite":1,"minecraft:bone":74,"minecraft:bow":3,"minecraft:wheat_seeds":154,"minecraft:raw_gold":18,"minecraft:glowstone_dust":4,"minecraft:oak_planks":28,"minecraft:cooked_porkchop":60,"minecraft:sand":1,"minecraft:grass_block":4,"minecraft:shulker_box":7,"minecraft:light_blue_terracotta":27,"minecraft:diamond":2,"minecraft:black_concrete":12,"minecraft:lever":3,"minecraft:crossbow":6,"minecraft:granite":12,"minecraft:golden_apple":5,"minecraft:emerald":89,"minecraft:bread":13,"minecraft:oak_sapling":13,"minecraft:netherrack":12,"minecraft:lingering_potion":25,"minecraft:crafting_table":8,"minecraft:chicken":3,"minecraft:wooden_pickaxe":1,"usefulbackpacks:backpack_medium":2,"minecraft:shield":14,"minecraft:red_bed":1,"minecraft:iron_axe":24,"minecraft:flint_and_steel":1,"minecraft:white_carpet":3,"minecraft:iron_shovel":8,"minecraft:music_disc_otherside":1,"minecraft:beef":16,"minecraft:poppy":9,"minecraft:light_gray_wool":2,"minecraft:chest":15,"minecraft:blue_shulker_box":1,"minecraft:sugar_cane":276,"minecraft:egg":60,"minecraft:dark_oak_sapling":6,"minecraft:raw_iron":266,"minecraft:sandstone":56,"minecraft:bowl":5,"minecraft:cake":1,"minecraft:cookie":5,"minecraft:carrot":183,"minecraft:redstone":6,"minecraft:prismarine_crystals":6,"minecraft:diamond_chestplate":1,"minecraft:red_shulker_box":1,"minecraft:arrow":180,"minecraft:stone_shovel":1,"minecraft:beetroot_seeds":52,"minecraft:pumpkin_pie":8,"minecraft:diamond_boots":1,"minecraft:totem_of_undying":20,"minecraft:gold_ingot":4,"minecraft:mutton":10,"minecraft:white_wool":21,"minecraft:rail":4,"minecraft:oxeye_daisy":1,"minecraft:yellow_shulker_box":2,"minecraft:cut_sandstone":2,"minecraft:leather":9,"minecraft:mushroom_stew":2,"minecraft:oak_log":47,"minecraft:gunpowder":7,"minecraft:white_banner":9,"minecraft:orange_terracotta":1,"minecraft:cooked_mutton":36,"minecraft:smooth_sandstone":11,"minecraft:apple":5,"minecraft:gray_carpet":37,"minecraft:kelp":385,"minecraft:iron_ingot":11,"minecraft:stone_pickaxe":1,"minecraft:cooked_chicken":34,"minecraft:iron_sword":18,"minecraft:dandelion":10,"minecraft:gravel":429,"magistuarmory:longbow":17,"minecraft:white_bed":12,"minecraft:spruce_log":8,"minecraft:green_carpet":3,"minecraft:spider_eye":2,"minecraft:firework_rocket":2,"minecraft:stone_axe":5,"magistuarmory:diamond_concavehalberd":4,"minecraft:iron_helmet":10,"minecraft:painting":2,"minecraft:coal":47,"minecraft:ender_pearl":3},"minecraft:broken":{"minecraft:iron_shovel":1,"minecraft:iron_boots":1,"minecraft:iron_chestplate":1,"minecraft:stone_pickaxe":4,"minecraft:iron_sword":1,"minecraft:stone_shovel":2,"minecraft:wooden_pickaxe":1,"minecraft:iron_pickaxe":1,"minecraft:iron_helmet":2}},"DataVersion":3465}