{"stats":{"minecraft:dropped":{"minecraft:baked_potato":10,"minecraft:ender_pearl":1,"minecraft:iron_helmet":1,"minecraft:iron_leggings":1,"minecraft:stone_sword":1,"minecraft:raw_iron":1,"minecraft:iron_boots":1,"minecraft:shears":1,"minecraft:iron_chestplate":1,"minecraft:arrow":2,"minecraft:written_book":1},"minecraft:killed":{"minecraft:cave_spider":5,"minecraft:spider":6,"minecraft:skeleton":19,"minecraft:chicken":1,"minecraft:husk":21,"minecraft:pig":5,"minecraft:creeper":2,"minecraft:sheep":2,"minecraft:zombie":6,"minecraft:enderman":4,"minecraft:cow":3},"minecraft:used":{"minecraft:stone_sword":55,"minecraft:iron_shovel":1,"minecraft:stone_shovel":287,"minecraft:poppy":1,"minecraft:chest":8,"minecraft:shield":54,"minecraft:iron_sword":223,"minecraft:cooked_chicken":1,"minecraft:rotten_flesh":2,"minecraft:iron_chestplate":1,"minecraft:torch":12,"minecraft:dirt":660,"minecraft:carrot":63,"minecraft:lantern":2,"minecraft:grass_block":1,"minecraft:iron_helmet":1,"minecraft:iron_boots":1,"minecraft:smooth_quartz":2,"minecraft:written_book":28,"minecraft:oak_sapling":5,"minecraft:furnace":5,"mcwbridges:cobblestone_bridge":200,"minecraft:egg":36,"minecraft:potato":20,"minecraft:iron_leggings":1,"minecraft:wheat_seeds":37,"minecraft:water_bucket":1,"minecraft:baked_potato":46,"minecraft:stone_pickaxe":522,"minecraft:oak_planks":12,"minecraft:wooden_pickaxe":68,"minecraft:cobblestone_slab":423,"minecraft:cut_sandstone":1,"minecraft:sugar_cane":56,"minecraft:crafting_table":9,"minecraft:white_bed":4,"minecraft:oak_log":3,"minecraft:iron_pickaxe":259,"minecraft:stone_axe":17,"minecraft:cobblestone":19,"minecraft:white_banner":1,"minecraft:dandelion":5},"minecraft:mined":{"minecraft:white_bed":2,"mcwbridges:cobblestone_bridge":12,"minecraft:granite":12,"minecraft:grass_block":254,"minecraft:sandstone":3,"minecraft:spawner":8,"minecraft:redstone_ore":1,"minecraft:carrots":17,"minecraft:iron_ore":264,"minecraft:potatoes":18,"minecraft:water_cauldron":1,"minecraft:cobblestone_slab":6,"minecraft:green_carpet":4,"minecraft:smooth_sandstone_stairs":1,"minecraft:stone":424,"minecraft:cut_sandstone":13,"minecraft:red_bed":1,"minecraft:smooth_sandstone":4,"minecraft:crafting_table":6,"minecraft:chest":7,"minecraft:tall_grass":51,"minecraft:cobblestone":5,"minecraft:lapis_ore":2,"minecraft:sugar_cane":32,"minecraft:oak_planks":1,"minecraft:wheat":18,"minecraft:ice":1,"minecraft:white_carpet":3,"minecraft:grass":123,"minecraft:oak_log":8,"minecraft:coal_ore":39,"minecraft:beetroots":17,"minecraft:dirt":178,"minecraft:sand":1,"minecraft:smooth_quartz":2,"minecraft:cobweb":39,"minecraft:gold_ore":9,"minecraft:oak_leaves":36},"minecraft:crafted":{"minecraft:oak_planks":84,"minecraft:cobblestone_slab":540,"minecraft:stone_shovel":2,"minecraft:cooked_chicken":6,"minecraft:furnace":5,"minecraft:cooked_mutton":6,"minecraft:bow":1,"minecraft:iron_boots":2,"minecraft:iron_axe":1,"minecraft:stone_pickaxe":4,"minecraft:cobblestone_wall":180,"minecraft:cooked_beef":10,"minecraft:cooked_porkchop":7,"minecraft:crafting_table":2,"minecraft:iron_helmet":2,"minecraft:wooden_pickaxe":1,"minecraft:baked_potato":56,"minecraft:iron_sword":3,"mcwbridges:cobblestone_bridge":360,"minecraft:stone_axe":1,"minecraft:air":0,"minecraft:iron_chestplate":2,"minecraft:shield":2,"minecraft:stick":64,"minecraft:iron_ingot":144,"minecraft:iron_pickaxe":3,"minecraft:stone_sword":1,"minecraft:iron_shovel":1,"minecraft:iron_leggings":2,"minecraft:white_bed":2,"minecraft:shears":1},"minecraft:killed_by":{"minecraft:player":1,"minecraft:creeper":1},"minecraft:custom":{"minecraft:mob_kills":80,"minecraft:animals_bred":23,"minecraft:interact_with_crafting_table":28,"minecraft:open_barrel":2,"minecraft:leave_game":4,"minecraft:time_since_death":4472,"minecraft:climb_one_cm":824,"minecraft:sprint_one_cm":309090,"minecraft:walk_one_cm":826567,"minecraft:damage_blocked_by_shield":1930,"minecraft:drop":20,"minecraft:talked_to_villager":17,"minecraft:play_time":224854,"minecraft:sneak_time":36044,"minecraft:deaths":2,"minecraft:walk_under_water_one_cm":7876,"minecraft:jump":2015,"minecraft:walk_on_water_one_cm":13626,"minecraft:total_world_time":224854,"minecraft:interact_with_furnace":68,"minecraft:interact_with_cartography_table":1,"minecraft:sleep_in_bed":11,"minecraft:time_since_rest":4634,"minecraft:damage_taken":3520,"minecraft:damage_dealt":12139,"minecraft:swim_one_cm":35230,"minecraft:fly_one_cm":296478,"minecraft:open_chest":122,"minecraft:crouch_one_cm":134052,"minecraft:interact_with_smoker":1,"minecraft:fall_one_cm":21601},"minecraft:picked_up":{"minecraft:iron_chestplate":1,"minecraft:crafting_table":8,"minecraft:wheat":36,"minecraft:chicken":1,"minecraft:wooden_pickaxe":1,"minecraft:potion":3,"minecraft:shield":1,"minecraft:string":47,"minecraft:red_bed":1,"minecraft:flint_and_steel":1,"minecraft:iron_leggings":1,"minecraft:white_carpet":3,"minecraft:beetroot":13,"minecraft:tnt_minecart":2,"minecraft:music_disc_otherside":1,"minecraft:beef":9,"minecraft:rose_bush":2,"minecraft:cobblestone_slab":153,"minecraft:written_book":2,"minecraft:ender_eye":1,"minecraft:iron_pickaxe":1,"minecraft:poppy":7,"minecraft:smooth_quartz":2,"minecraft:light_gray_wool":2,"minecraft:chest":8,"minecraft:sugar_cane":56,"minecraft:iron_boots":1,"minecraft:egg":35,"minecraft:stick":9,"minecraft:raw_iron":263,"minecraft:sandstone":23,"minecraft:oak_fence":2,"minecraft:torch":12,"minecraft:porkchop":13,"minecraft:carrot":83,"minecraft:redstone":4,"minecraft:cauldron":1,"minecraft:rotten_flesh":43,"minecraft:stone_sword":2,"minecraft:arrow":51,"minecraft:stone_shovel":1,"mcwbridges:cobblestone_bridge":174,"minecraft:beetroot_seeds":51,"minecraft:gold_ingot":4,"minecraft:mutton":4,"minecraft:rail":4,"minecraft:white_wool":13,"minecraft:cobblestone":550,"minecraft:cooked_beef":10,"minecraft:feather":2,"minecraft:iron_door":1,"minecraft:water_bucket":1,"minecraft:cut_sandstone":2,"minecraft:leather":4,"minecraft:potato":66,"minecraft:smooth_sandstone_stairs":2,"minecraft:oak_log":14,"minecraft:gunpowder":6,"minecraft:lapis_lazuli":17,"minecraft:dirt":909,"minecraft:lantern":2,"minecraft:white_banner":1,"minecraft:orange_terracotta":1,"minecraft:cooked_mutton":6,"minecraft:smooth_sandstone":11,"minecraft:bone":64,"minecraft:bow":2,"minecraft:wheat_seeds":94,"minecraft:raw_gold":11,"minecraft:stone_pickaxe":1,"minecraft:iron_sword":2,"minecraft:oak_planks":28,"minecraft:dandelion":9,"minecraft:sand":1,"minecraft:white_bed":2,"minecraft:grass_block":3,"minecraft:green_carpet":3,"minecraft:spider_eye":2,"minecraft:firework_rocket":2,"minecraft:diamond":2,"minecraft:stone_axe":1,"minecraft:iron_helmet":1,"minecraft:granite":12,"minecraft:emerald":15,"minecraft:bread":7,"minecraft:oak_sapling":12,"minecraft:coal":39,"minecraft:ender_pearl":2},"minecraft:broken":{"minecraft:wooden_pickaxe":1,"minecraft:stone_pickaxe":4,"minecraft:iron_sword":1,"minecraft:iron_pickaxe":1,"minecraft:stone_shovel":2}},"DataVersion":3465}