{"stats":{"minecraft:killed":{"minecraft:cave_spider":5,"minecraft:spider":6,"minecraft:skeleton":20,"minecraft:chicken":1,"minecraft:pig":5,"minecraft:creeper":2,"minecraft:sheep":7,"minecraft:pillager":31,"minecraft:zombie":6,"minecraft:cow":7,"minecraft:evoker":3,"minecraft:vex":2,"minecraft:vindicator":29,"minecraft:husk":21,"minecraft:enderman":4},"minecraft:dropped":{"minecraft:iron_sword":9,"minecraft:cooked_beef":8,"minecraft:baked_potato":10,"minecraft:ender_pearl":1,"minecraft:cooked_porkchop":20,"minecraft:emerald":9,"minecraft:flint":9,"magistuarmory:longbow":9,"minecraft:dirt":80,"minecraft:iron_pickaxe":9,"mcwbridges:cobblestone_bridge":103,"minecraft:stone_axe":1,"minecraft:lever":3,"minecraft:cooked_chicken":16,"minecraft:cooked_mutton":5,"minecraft:arrow":5,"minecraft:written_book":1,"minecraft:water_bucket":2,"minecraft:iron_helmet":4,"minecraft:cobblestone":2,"minecraft:stick":1,"minecraft:torch":15,"minecraft:smooth_quartz":102,"minecraft:iron_door":1,"minecraft:iron_leggings":10,"minecraft:iron_axe":9,"minecraft:iron_shovel":1,"minecraft:string":8,"minecraft:gray_carpet":12,"magistuarmory:diamond_zweihander":3,"minecraft:stone_sword":1,"minecraft:bowl":1,"minecraft:raw_iron":1,"minecraft:iron_boots":7,"minecraft:totem_of_undying":4,"minecraft:shears":1,"minecraft:shield":3,"minecraft:iron_chestplate":9,"minecraft:light_gray_bed":1,"minecraft:sandstone":31,"minecraft:light_blue_terracotta":1},"minecraft:used":{"minecraft:iron_shovel":73,"minecraft:poppy":1,"minecraft:chest":8,"minecraft:shield":74,"minecraft:iron_sword":303,"minecraft:rotten_flesh":2,"minecraft:iron_chestplate":5,"minecraft:carrot":100,"minecraft:azure_bluet":1,"minecraft:snowball":1,"minecraft:lantern":2,"minecraft:grass_block":1,"minecraft:iron_helmet":2,"minecraft:brown_carpet":3,"minecraft:written_book":32,"minecraft:furnace":5,"minecraft:oak_sapling":5,"minecraft:egg":49,"minecraft:potato":20,"minecraft:stone_pickaxe":522,"minecraft:gray_carpet":14,"minecraft:oak_planks":12,"minecraft:wooden_pickaxe":68,"minecraft:sugar_cane":69,"minecraft:smooth_quartz_stairs":1,"minecraft:gray_concrete":1,"magistuarmory:longbow":11,"minecraft:iron_door":1,"minecraft:gravel":61,"magistuarmory:diamond_concavehalberd":74,"minecraft:smooth_stone_slab":2,"minecraft:stone_sword":55,"minecraft:stone_shovel":287,"minecraft:cooked_salmon":5,"minecraft:cooked_chicken":5,"minecraft:torch":12,"minecraft:dirt":756,"minecraft:white_carpet":3,"minecraft:iron_axe":54,"minecraft:iron_boots":4,"minecraft:smooth_quartz":4,"mcwbridges:cobblestone_bridge":200,"minecraft:cooked_beef":10,"minecraft:iron_leggings":2,"minecraft:beetroot_soup":4,"minecraft:wheat_seeds":52,"minecraft:cooked_mutton":5,"minecraft:water_bucket":1,"minecraft:baked_potato":46,"minecraft:cut_sandstone":1,"minecraft:cobblestone_slab":423,"minecraft:crafting_table":9,"minecraft:white_bed":10,"minecraft:painting":1,"minecraft:cake":1,"minecraft:oak_log":3,"minecraft:iron_pickaxe":364,"minecraft:stone_axe":17,"minecraft:green_carpet":3,"minecraft:cobblestone":21,"minecraft:white_banner":3,"minecraft:cooked_porkchop":14,"minecraft:dandelion":5,"minecraft:smooth_stone":1},"minecraft:mined":{"minecraft:black_shulker_box":1,"minecraft:white_bed":6,"mcwbridges:cobblestone_bridge":12,"minecraft:granite":12,"minecraft:grass_block":254,"minecraft:spawner":13,"minecraft:light_blue_stained_glass":3,"minecraft:smooth_stone":2,"minecraft:iron_ore":264,"minecraft:water_cauldron":1,"minecraft:green_carpet":4,"minecraft:smooth_sandstone_stairs":1,"minecraft:cut_sandstone":13,"minecraft:red_bed":1,"minecraft:chest":7,"minecraft:cobblestone":5,"minecraft:sugar_cane":107,"minecraft:oak_planks":1,"minecraft:iron_door":2,"minecraft:light_blue_terracotta":5,"minecraft:wheat":31,"minecraft:smooth_stone_slab":2,"minecraft:grass":123,"minecraft:oak_log":13,"minecraft:beetroots":17,"minecraft:dirt":204,"minecraft:sand":1,"minecraft:smooth_quartz":77,"minecraft:oak_leaves":36,"minecraft:stripped_birch_log":6,"minecraft:shulker_box":1,"minecraft:orange_shulker_box":1,"minecraft:sandstone":4,"minecraft:redstone_ore":1,"minecraft:carrots":27,"minecraft:light_gray_shulker_box":1,"minecraft:potatoes":18,"minecraft:cobblestone_slab":6,"minecraft:smooth_quartz_stairs":1,"minecraft:stone":424,"minecraft:gray_concrete":1,"minecraft:brown_carpet":1,"minecraft:smooth_sandstone":4,"minecraft:crafting_table":6,"minecraft:tall_grass":51,"minecraft:lapis_ore":2,"minecraft:orange_carpet":1,"minecraft:black_stained_glass":4,"minecraft:ice":5,"minecraft:white_carpet":3,"minecraft:coal_ore":39,"minecraft:gravel":80,"minecraft:gray_carpet":14,"minecraft:cobweb":39,"minecraft:gold_ore":9},"minecraft:crafted":{"minecraft:oak_planks":104,"minecraft:cobblestone_slab":540,"minecraft:cooked_chicken":6,"usefulbackpacks:backpack_small":1,"minecraft:cooked_mutton":15,"magistuarmory:diamond_zweihander":1,"minecraft:iron_boots":3,"minecraft:bow":1,"magistuarmory:diamond_concavehalberd":1,"minecraft:chest":1,"magistuarmory:pole":1,"magistuarmory:diamond_shortsword":1,"minecraft:cooked_porkchop":20,"minecraft:crafting_table":2,"minecraft:baked_potato":56,"minecraft:wooden_pickaxe":1,"minecraft:iron_helmet":3,"minecraft:iron_chestplate":5,"minecraft:paper":111,"minecraft:shield":2,"minecraft:stick":64,"minecraft:iron_ingot":144,"minecraft:iron_pickaxe":3,"minecraft:stone_sword":1,"minecraft:snow_block":20,"minecraft:shears":1,"minecraft:stone_shovel":2,"minecraft:furnace":5,"minecraft:iron_axe":5,"magistuarmory:steel_ingot":26,"minecraft:stone_pickaxe":4,"minecraft:cobblestone_wall":180,"usefulbackpacks:backpack_medium":1,"minecraft:cooked_beef":10,"minecraft:iron_sword":4,"mcwbridges:cobblestone_bridge":360,"minecraft:stone_axe":1,"minecraft:air":0,"minecraft:iron_shovel":1,"minecraft:iron_leggings":3,"minecraft:white_bed":2},"minecraft:killed_by":{"minecraft:creeper":1,"minecraft:vindicator":3,"minecraft:vex":4,"minecraft:player":1},"minecraft:custom":{"minecraft:animals_bred":41,"minecraft:interact_with_crafting_table":39,"minecraft:open_barrel":25,"minecraft:open_shulker_box":4,"minecraft:bell_ring":1,"minecraft:leave_game":7,"minecraft:time_since_death":3648,"minecraft:sprint_one_cm":603417,"minecraft:damage_blocked_by_shield":3110,"minecraft:drop":159,"minecraft:talked_to_villager":21,"minecraft:play_time":344501,"minecraft:deaths":10,"minecraft:jump":3283,"minecraft:interact_with_brewingstand":4,"minecraft:walk_on_water_one_cm":20317,"minecraft:interact_with_furnace":100,"minecraft:interact_with_cartography_table":1,"minecraft:sleep_in_bed":20,"minecraft:damage_dealt":25083,"minecraft:crouch_one_cm":146274,"minecraft:interact_with_smoker":4,"minecraft:interact_with_smithing_table":1,"minecraft:mob_kills":161,"minecraft:interact_with_anvil":1,"minecraft:climb_one_cm":824,"minecraft:walk_one_cm":1380057,"minecraft:sneak_time":40760,"minecraft:walk_under_water_one_cm":14704,"minecraft:interact_with_blast_furnace":3,"minecraft:total_world_time":344501,"minecraft:time_since_rest":3679,"minecraft:damage_taken":9435,"minecraft:swim_one_cm":71526,"minecraft:fly_one_cm":551047,"minecraft:open_chest":206,"minecraft:fall_one_cm":26538},"minecraft:picked_up":{"minecraft:iron_chestplate":18,"minecraft:wheat":48,"minecraft:light_gray_shulker_box":1,"minecraft:potion":9,"minecraft:enchanted_book":1,"minecraft:brewing_stand":2,"minecraft:string":75,"minecraft:cooked_salmon":5,"minecraft:smooth_stone_slab":4,"minecraft:iron_leggings":16,"minecraft:beetroot_soup":3,"minecraft:beetroot":13,"minecraft:tnt_minecart":2,"minecraft:black_shulker_box":1,"minecraft:smooth_stone":2,"minecraft:spruce_planks":5,"minecraft:cobblestone_slab":153,"minecraft:rose_bush":2,"minecraft:written_book":5,"minecraft:ender_eye":1,"minecraft:iron_pickaxe":21,"minecraft:smooth_quartz":345,"minecraft:smooth_quartz_stairs":1,"minecraft:iron_boots":15,"minecraft:stick":10,"minecraft:orange_shulker_box":1,"minecraft:oak_fence":2,"minecraft:torch":232,"minecraft:porkchop":13,"minecraft:cauldron":1,"minecraft:brown_carpet":3,"minecraft:stone_sword":2,"minecraft:light_gray_bed":2,"minecraft:rotten_flesh":43,"mcwbridges:cobblestone_bridge":778,"minecraft:cobblestone":568,"minecraft:cooked_beef":29,"minecraft:feather":3,"minecraft:iron_door":5,"minecraft:water_bucket":3,"magistuarmory:diamond_zweihander":2,"minecraft:potato":66,"minecraft:flint":9,"magistuarmory:hilt":4,"minecraft:smooth_sandstone_stairs":2,"minecraft:dirt":1312,"minecraft:gray_concrete":1,"minecraft:lapis_lazuli":17,"minecraft:stripped_birch_log":6,"minecraft:lantern":2,"minecraft:bone":64,"minecraft:bow":2,"minecraft:wheat_seeds":127,"minecraft:raw_gold":11,"minecraft:glowstone_dust":3,"minecraft:oak_planks":28,"minecraft:cooked_porkchop":60,"minecraft:sand":1,"minecraft:grass_block":3,"minecraft:shulker_box":1,"minecraft:light_blue_terracotta":9,"minecraft:diamond":2,"minecraft:lever":3,"minecraft:crossbow":2,"minecraft:granite":12,"minecraft:bread":7,"minecraft:emerald":79,"minecraft:oak_sapling":12,"minecraft:crafting_table":8,"minecraft:chicken":2,"minecraft:wooden_pickaxe":1,"usefulbackpacks:backpack_medium":2,"minecraft:shield":11,"minecraft:red_bed":1,"minecraft:iron_axe":20,"minecraft:flint_and_steel":1,"minecraft:white_carpet":3,"minecraft:iron_shovel":8,"minecraft:music_disc_otherside":1,"minecraft:beef":16,"minecraft:poppy":7,"minecraft:light_gray_wool":2,"minecraft:chest":8,"minecraft:sugar_cane":180,"minecraft:egg":48,"minecraft:raw_iron":263,"minecraft:sandstone":56,"minecraft:bowl":4,"minecraft:cake":1,"minecraft:cookie":5,"minecraft:redstone":4,"minecraft:carrot":116,"minecraft:arrow":132,"minecraft:stone_shovel":1,"minecraft:beetroot_seeds":51,"minecraft:totem_of_undying":17,"minecraft:gold_ingot":4,"minecraft:mutton":10,"minecraft:white_wool":21,"minecraft:rail":4,"minecraft:leather":9,"minecraft:cut_sandstone":2,"minecraft:oak_log":19,"minecraft:gunpowder":6,"minecraft:white_banner":4,"minecraft:orange_terracotta":1,"minecraft:cooked_mutton":36,"minecraft:smooth_sandstone":11,"minecraft:gray_carpet":33,"minecraft:stone_pickaxe":1,"minecraft:cooked_chicken":34,"minecraft:iron_sword":18,"minecraft:dandelion":9,"minecraft:gravel":71,"magistuarmory:longbow":14,"minecraft:white_bed":6,"minecraft:spruce_log":8,"minecraft:green_carpet":3,"minecraft:spider_eye":2,"minecraft:firework_rocket":2,"minecraft:stone_axe":5,"magistuarmory:diamond_concavehalberd":2,"minecraft:iron_helmet":7,"minecraft:painting":2,"minecraft:coal":39,"minecraft:ender_pearl":2},"minecraft:broken":{"minecraft:iron_boots":1,"minecraft:stone_pickaxe":4,"minecraft:iron_sword":1,"minecraft:stone_shovel":2,"minecraft:wooden_pickaxe":1,"minecraft:iron_pickaxe":1,"minecraft:iron_helmet":1}},"DataVersion":3465}