{"stats":{"minecraft:killed":{"minecraft:evoker":1,"minecraft:vex":1,"minecraft:cave_spider":5,"minecraft:spider":6,"minecraft:skeleton":19,"minecraft:chicken":1,"minecraft:husk":21,"minecraft:pig":5,"minecraft:creeper":2,"minecraft:sheep":2,"minecraft:zombie":6,"minecraft:enderman":4,"minecraft:cow":3},"minecraft:dropped":{"minecraft:iron_sword":2,"minecraft:baked_potato":10,"minecraft:ender_pearl":1,"minecraft:iron_helmet":2,"magistuarmory:longbow":1,"minecraft:iron_leggings":3,"minecraft:iron_axe":1,"minecraft:iron_pickaxe":1,"minecraft:cooked_chicken":10,"minecraft:stone_sword":1,"minecraft:raw_iron":1,"minecraft:iron_boots":3,"minecraft:shears":1,"minecraft:shield":1,"minecraft:iron_chestplate":3,"minecraft:arrow":2,"minecraft:written_book":1},"minecraft:used":{"minecraft:stone_sword":55,"minecraft:iron_shovel":1,"minecraft:stone_shovel":287,"minecraft:poppy":1,"minecraft:chest":8,"minecraft:shield":54,"minecraft:iron_sword":230,"minecraft:cooked_chicken":1,"minecraft:rotten_flesh":2,"minecraft:iron_chestplate":1,"minecraft:torch":12,"minecraft:dirt":672,"minecraft:carrot":66,"minecraft:iron_axe":6,"minecraft:lantern":2,"minecraft:grass_block":1,"minecraft:iron_helmet":2,"minecraft:iron_boots":1,"minecraft:smooth_quartz":2,"minecraft:brown_carpet":1,"minecraft:written_book":28,"minecraft:oak_sapling":5,"minecraft:furnace":5,"mcwbridges:cobblestone_bridge":200,"minecraft:egg":36,"minecraft:cooked_beef":4,"minecraft:potato":20,"minecraft:iron_leggings":1,"minecraft:wheat_seeds":37,"minecraft:water_bucket":1,"minecraft:baked_potato":46,"minecraft:stone_pickaxe":522,"minecraft:oak_planks":12,"minecraft:wooden_pickaxe":68,"minecraft:cobblestone_slab":423,"minecraft:cut_sandstone":1,"minecraft:sugar_cane":56,"minecraft:crafting_table":9,"minecraft:white_bed":7,"minecraft:gray_concrete":1,"minecraft:oak_log":3,"minecraft:iron_pickaxe":295,"minecraft:stone_axe":17,"minecraft:cobblestone":19,"minecraft:white_banner":1,"minecraft:dandelion":5},"minecraft:mined":{"minecraft:white_bed":5,"mcwbridges:cobblestone_bridge":12,"minecraft:granite":12,"minecraft:grass_block":254,"minecraft:sandstone":3,"minecraft:spawner":9,"minecraft:redstone_ore":1,"minecraft:carrots":17,"minecraft:iron_ore":264,"minecraft:potatoes":18,"minecraft:water_cauldron":1,"minecraft:cobblestone_slab":6,"minecraft:green_carpet":4,"minecraft:smooth_sandstone_stairs":1,"minecraft:stone":424,"minecraft:cut_sandstone":13,"minecraft:gray_concrete":1,"minecraft:red_bed":1,"minecraft:smooth_sandstone":4,"minecraft:crafting_table":6,"minecraft:chest":7,"minecraft:tall_grass":51,"minecraft:cobblestone":5,"minecraft:lapis_ore":2,"minecraft:sugar_cane":32,"minecraft:oak_planks":1,"minecraft:black_stained_glass":4,"minecraft:wheat":18,"minecraft:ice":1,"minecraft:white_carpet":3,"minecraft:grass":123,"minecraft:oak_log":8,"minecraft:coal_ore":39,"minecraft:beetroots":17,"minecraft:dirt":181,"minecraft:sand":1,"minecraft:smooth_quartz":36,"minecraft:gray_carpet":5,"minecraft:cobweb":39,"minecraft:gold_ore":9,"minecraft:oak_leaves":36},"minecraft:crafted":{"minecraft:oak_planks":84,"minecraft:cobblestone_slab":540,"minecraft:stone_shovel":2,"minecraft:cooked_chicken":6,"minecraft:furnace":5,"minecraft:cooked_mutton":6,"minecraft:bow":1,"minecraft:iron_boots":2,"minecraft:iron_axe":1,"minecraft:stone_pickaxe":4,"minecraft:cobblestone_wall":180,"minecraft:cooked_beef":10,"minecraft:cooked_porkchop":7,"minecraft:crafting_table":2,"minecraft:iron_helmet":2,"minecraft:wooden_pickaxe":1,"minecraft:baked_potato":56,"minecraft:iron_sword":3,"mcwbridges:cobblestone_bridge":360,"minecraft:stone_axe":1,"minecraft:air":0,"minecraft:iron_chestplate":2,"minecraft:shield":2,"minecraft:stick":64,"minecraft:iron_ingot":144,"minecraft:iron_pickaxe":3,"minecraft:stone_sword":1,"minecraft:iron_shovel":1,"minecraft:iron_leggings":2,"minecraft:white_bed":2,"minecraft:shears":1},"minecraft:killed_by":{"minecraft:player":1,"minecraft:creeper":1,"minecraft:vex":1},"minecraft:custom":{"minecraft:mob_kills":82,"minecraft:animals_bred":23,"minecraft:interact_with_crafting_table":28,"minecraft:open_barrel":2,"minecraft:bell_ring":1,"minecraft:leave_game":4,"minecraft:time_since_death":9897,"minecraft:climb_one_cm":824,"minecraft:sprint_one_cm":348170,"minecraft:walk_one_cm":877142,"minecraft:damage_blocked_by_shield":1930,"minecraft:drop":34,"minecraft:talked_to_villager":17,"minecraft:play_time":236854,"minecraft:sneak_time":36186,"minecraft:deaths":3,"minecraft:walk_under_water_one_cm":8007,"minecraft:jump":2243,"minecraft:walk_on_water_one_cm":13867,"minecraft:total_world_time":236854,"minecraft:interact_with_furnace":68,"minecraft:interact_with_cartography_table":1,"minecraft:sleep_in_bed":12,"minecraft:time_since_rest":9211,"minecraft:damage_taken":4083,"minecraft:damage_dealt":12632,"minecraft:swim_one_cm":48107,"minecraft:fly_one_cm":348305,"minecraft:open_chest":132,"minecraft:crouch_one_cm":134676,"minecraft:interact_with_smoker":1,"minecraft:fall_one_cm":22553},"minecraft:picked_up":{"minecraft:iron_chestplate":5,"minecraft:crafting_table":8,"minecraft:wheat":36,"minecraft:chicken":1,"minecraft:wooden_pickaxe":1,"minecraft:potion":3,"minecraft:shield":5,"minecraft:iron_axe":4,"minecraft:string":55,"minecraft:red_bed":1,"minecraft:flint_and_steel":1,"minecraft:iron_leggings":5,"minecraft:white_carpet":3,"minecraft:iron_shovel":2,"minecraft:beetroot":13,"minecraft:tnt_minecart":2,"minecraft:music_disc_otherside":1,"minecraft:beef":9,"minecraft:rose_bush":2,"minecraft:cobblestone_slab":153,"minecraft:written_book":3,"minecraft:ender_eye":1,"minecraft:iron_pickaxe":6,"minecraft:poppy":7,"minecraft:smooth_quartz":26,"minecraft:light_gray_wool":2,"minecraft:chest":8,"minecraft:sugar_cane":56,"minecraft:iron_boots":5,"minecraft:egg":35,"minecraft:stick":9,"minecraft:raw_iron":263,"minecraft:sandstone":23,"minecraft:oak_fence":2,"minecraft:torch":106,"minecraft:porkchop":13,"minecraft:carrot":83,"minecraft:redstone":4,"minecraft:cauldron":1,"minecraft:brown_carpet":1,"minecraft:light_gray_bed":2,"minecraft:rotten_flesh":43,"minecraft:stone_sword":2,"minecraft:arrow":51,"minecraft:stone_shovel":1,"mcwbridges:cobblestone_bridge":341,"minecraft:beetroot_seeds":51,"minecraft:totem_of_undying":1,"minecraft:gold_ingot":4,"minecraft:mutton":4,"minecraft:rail":4,"minecraft:white_wool":13,"minecraft:cobblestone":558,"minecraft:cooked_beef":20,"minecraft:feather":2,"minecraft:iron_door":1,"minecraft:water_bucket":1,"minecraft:cut_sandstone":2,"minecraft:leather":4,"minecraft:potato":66,"minecraft:smooth_sandstone_stairs":2,"minecraft:oak_log":14,"minecraft:gray_concrete":1,"minecraft:gunpowder":6,"minecraft:lapis_lazuli":17,"minecraft:dirt":1031,"minecraft:lantern":2,"minecraft:white_banner":1,"minecraft:orange_terracotta":1,"minecraft:cooked_mutton":12,"minecraft:smooth_sandstone":11,"minecraft:bone":64,"minecraft:gray_carpet":8,"minecraft:bow":2,"minecraft:wheat_seeds":94,"minecraft:raw_gold":11,"minecraft:stone_pickaxe":1,"minecraft:cooked_chicken":20,"minecraft:iron_sword":7,"minecraft:oak_planks":28,"minecraft:cooked_porkchop":12,"minecraft:dandelion":9,"magistuarmory:longbow":2,"minecraft:sand":1,"minecraft:white_bed":5,"minecraft:grass_block":3,"minecraft:green_carpet":3,"minecraft:spider_eye":2,"minecraft:firework_rocket":2,"minecraft:diamond":2,"minecraft:stone_axe":3,"minecraft:iron_helmet":3,"minecraft:granite":12,"minecraft:emerald":23,"minecraft:bread":7,"minecraft:oak_sapling":12,"minecraft:coal":39,"minecraft:ender_pearl":2},"minecraft:broken":{"minecraft:wooden_pickaxe":1,"minecraft:stone_pickaxe":4,"minecraft:iron_sword":1,"minecraft:iron_pickaxe":1,"minecraft:stone_shovel":2}},"DataVersion":3465}