{"stats":{"minecraft:killed":{"minecraft:evoker":1,"minecraft:vex":2,"minecraft:cave_spider":5,"minecraft:spider":6,"minecraft:vindicator":25,"minecraft:skeleton":20,"minecraft:chicken":1,"minecraft:husk":21,"minecraft:pig":5,"minecraft:creeper":2,"minecraft:sheep":7,"minecraft:pillager":17,"minecraft:zombie":6,"minecraft:enderman":4,"minecraft:cow":7},"minecraft:dropped":{"minecraft:water_bucket":2,"minecraft:iron_sword":9,"minecraft:cooked_beef":8,"minecraft:baked_potato":10,"minecraft:ender_pearl":1,"minecraft:cooked_porkchop":13,"minecraft:iron_helmet":4,"minecraft:cobblestone":2,"minecraft:stick":1,"minecraft:flint":9,"minecraft:emerald":9,"magistuarmory:longbow":9,"minecraft:dirt":80,"minecraft:torch":15,"minecraft:smooth_quartz":102,"minecraft:iron_door":1,"minecraft:iron_leggings":10,"minecraft:iron_axe":9,"minecraft:iron_pickaxe":8,"minecraft:iron_shovel":1,"minecraft:string":8,"mcwbridges:cobblestone_bridge":103,"minecraft:gray_carpet":12,"magistuarmory:diamond_zweihander":3,"minecraft:stone_axe":1,"minecraft:lever":3,"minecraft:cooked_chicken":16,"minecraft:stone_sword":1,"minecraft:raw_iron":1,"minecraft:iron_boots":7,"minecraft:totem_of_undying":4,"minecraft:shears":1,"minecraft:shield":3,"minecraft:iron_chestplate":9,"minecraft:light_gray_bed":1,"minecraft:sandstone":31,"minecraft:arrow":5,"minecraft:light_blue_terracotta":1,"minecraft:written_book":1},"minecraft:used":{"minecraft:stone_sword":55,"minecraft:iron_shovel":61,"minecraft:stone_shovel":287,"minecraft:poppy":1,"minecraft:chest":8,"minecraft:shield":69,"minecraft:iron_sword":303,"minecraft:cooked_chicken":2,"minecraft:rotten_flesh":2,"minecraft:torch":12,"minecraft:iron_chestplate":5,"minecraft:dirt":724,"minecraft:white_carpet":3,"minecraft:carrot":100,"minecraft:snowball":1,"minecraft:azure_bluet":1,"minecraft:lantern":2,"minecraft:iron_axe":48,"minecraft:grass_block":1,"minecraft:iron_helmet":2,"minecraft:iron_boots":3,"minecraft:smooth_quartz":4,"minecraft:brown_carpet":3,"minecraft:written_book":32,"minecraft:oak_sapling":5,"minecraft:furnace":5,"mcwbridges:cobblestone_bridge":200,"minecraft:egg":49,"minecraft:cooked_beef":10,"minecraft:potato":20,"minecraft:iron_leggings":2,"minecraft:wheat_seeds":52,"minecraft:cooked_mutton":5,"minecraft:water_bucket":1,"minecraft:gray_carpet":14,"minecraft:baked_potato":46,"minecraft:stone_pickaxe":522,"minecraft:oak_planks":12,"minecraft:wooden_pickaxe":68,"minecraft:cobblestone_slab":423,"minecraft:cut_sandstone":1,"minecraft:sugar_cane":69,"minecraft:smooth_quartz_stairs":1,"minecraft:crafting_table":9,"minecraft:white_bed":10,"minecraft:gray_concrete":1,"minecraft:oak_log":3,"minecraft:iron_pickaxe":317,"minecraft:gravel":61,"minecraft:green_carpet":3,"magistuarmory:diamond_concavehalberd":29,"minecraft:stone_axe":17,"minecraft:cobblestone":21,"minecraft:white_banner":2,"minecraft:cooked_porkchop":8,"minecraft:dandelion":5},"minecraft:mined":{"minecraft:white_bed":6,"mcwbridges:cobblestone_bridge":12,"minecraft:granite":12,"minecraft:grass_block":254,"minecraft:sandstone":3,"minecraft:spawner":10,"minecraft:redstone_ore":1,"minecraft:carrots":27,"minecraft:iron_ore":264,"minecraft:potatoes":18,"minecraft:cobblestone_slab":6,"minecraft:water_cauldron":1,"minecraft:green_carpet":4,"minecraft:smooth_quartz_stairs":1,"minecraft:smooth_sandstone_stairs":1,"minecraft:stone":424,"minecraft:cut_sandstone":13,"minecraft:gray_concrete":1,"minecraft:red_bed":1,"minecraft:smooth_sandstone":4,"minecraft:crafting_table":6,"minecraft:chest":7,"minecraft:tall_grass":51,"minecraft:cobblestone":5,"minecraft:lapis_ore":2,"minecraft:oak_planks":1,"minecraft:sugar_cane":107,"minecraft:iron_door":2,"minecraft:light_blue_terracotta":1,"minecraft:black_stained_glass":4,"minecraft:wheat":31,"minecraft:ice":5,"minecraft:white_carpet":3,"minecraft:grass":123,"minecraft:coal_ore":39,"minecraft:oak_log":13,"minecraft:beetroots":17,"minecraft:gravel":70,"minecraft:sand":1,"minecraft:smooth_quartz":52,"minecraft:dirt":195,"minecraft:gray_carpet":13,"minecraft:cobweb":39,"minecraft:gold_ore":9,"minecraft:oak_leaves":36},"minecraft:crafted":{"minecraft:oak_planks":104,"minecraft:cobblestone_slab":540,"minecraft:stone_shovel":2,"usefulbackpacks:backpack_small":1,"minecraft:cooked_chicken":6,"minecraft:furnace":5,"minecraft:cooked_mutton":15,"magistuarmory:diamond_zweihander":1,"minecraft:bow":1,"minecraft:iron_boots":3,"magistuarmory:diamond_concavehalberd":1,"minecraft:iron_axe":5,"magistuarmory:steel_ingot":26,"minecraft:stone_pickaxe":4,"minecraft:cobblestone_wall":180,"minecraft:chest":1,"usefulbackpacks:backpack_medium":1,"magistuarmory:pole":1,"minecraft:cooked_beef":10,"magistuarmory:diamond_shortsword":1,"minecraft:cooked_porkchop":20,"minecraft:crafting_table":2,"minecraft:iron_helmet":3,"minecraft:wooden_pickaxe":1,"minecraft:baked_potato":56,"minecraft:iron_sword":4,"mcwbridges:cobblestone_bridge":360,"minecraft:stone_axe":1,"minecraft:air":0,"minecraft:iron_chestplate":5,"minecraft:paper":111,"minecraft:shield":2,"minecraft:stick":64,"minecraft:iron_ingot":144,"minecraft:iron_pickaxe":3,"minecraft:snow_block":20,"minecraft:stone_sword":1,"minecraft:iron_shovel":1,"minecraft:iron_leggings":3,"minecraft:white_bed":2,"minecraft:shears":1},"minecraft:killed_by":{"minecraft:player":1,"minecraft:creeper":1,"minecraft:vindicator":3,"minecraft:vex":3},"minecraft:custom":{"minecraft:interact_with_smithing_table":1,"minecraft:interact_with_anvil":1,"minecraft:mob_kills":140,"minecraft:animals_bred":41,"minecraft:interact_with_crafting_table":38,"minecraft:open_barrel":2,"minecraft:bell_ring":1,"minecraft:leave_game":7,"minecraft:time_since_death":663,"minecraft:climb_one_cm":824,"minecraft:sprint_one_cm":562148,"minecraft:walk_one_cm":1242776,"minecraft:damage_blocked_by_shield":2750,"minecraft:drop":155,"minecraft:talked_to_villager":21,"minecraft:play_time":320501,"minecraft:sneak_time":38683,"minecraft:deaths":9,"minecraft:walk_under_water_one_cm":14704,"minecraft:jump":3117,"minecraft:interact_with_blast_furnace":3,"minecraft:walk_on_water_one_cm":20317,"minecraft:total_world_time":320501,"minecraft:interact_with_furnace":91,"minecraft:interact_with_cartography_table":1,"minecraft:sleep_in_bed":18,"minecraft:time_since_rest":692,"minecraft:damage_taken":7800,"minecraft:damage_dealt":21780,"minecraft:swim_one_cm":71526,"minecraft:fly_one_cm":523873,"minecraft:open_chest":203,"minecraft:crouch_one_cm":141592,"minecraft:interact_with_smoker":1,"minecraft:fall_one_cm":26538},"minecraft:picked_up":{"minecraft:iron_chestplate":17,"minecraft:crafting_table":8,"minecraft:wheat":48,"minecraft:chicken":2,"minecraft:wooden_pickaxe":1,"minecraft:enchanted_book":1,"minecraft:potion":3,"usefulbackpacks:backpack_medium":1,"minecraft:shield":10,"minecraft:string":75,"minecraft:red_bed":1,"minecraft:iron_axe":19,"minecraft:flint_and_steel":1,"minecraft:iron_leggings":15,"minecraft:white_carpet":3,"minecraft:iron_shovel":6,"minecraft:beetroot":13,"minecraft:tnt_minecart":2,"minecraft:spruce_planks":5,"minecraft:music_disc_otherside":1,"minecraft:beef":16,"minecraft:rose_bush":2,"minecraft:written_book":5,"minecraft:cobblestone_slab":153,"minecraft:ender_eye":1,"minecraft:smooth_quartz":303,"minecraft:poppy":7,"minecraft:iron_pickaxe":20,"minecraft:light_gray_wool":2,"minecraft:sugar_cane":180,"minecraft:chest":8,"minecraft:smooth_quartz_stairs":1,"minecraft:iron_boots":14,"minecraft:egg":48,"minecraft:stick":10,"minecraft:raw_iron":263,"minecraft:sandstone":54,"minecraft:oak_fence":2,"minecraft:torch":232,"minecraft:porkchop":13,"minecraft:carrot":116,"minecraft:redstone":4,"minecraft:cauldron":1,"minecraft:brown_carpet":3,"minecraft:stone_sword":2,"minecraft:stone_shovel":1,"minecraft:arrow":112,"minecraft:light_gray_bed":2,"minecraft:rotten_flesh":43,"mcwbridges:cobblestone_bridge":778,"minecraft:beetroot_seeds":51,"minecraft:gold_ingot":4,"minecraft:totem_of_undying":14,"minecraft:mutton":10,"minecraft:rail":4,"minecraft:white_wool":21,"minecraft:cobblestone":568,"minecraft:feather":3,"minecraft:cooked_beef":29,"minecraft:iron_door":4,"minecraft:water_bucket":3,"minecraft:cut_sandstone":2,"minecraft:leather":9,"magistuarmory:diamond_zweihander":2,"minecraft:potato":66,"minecraft:flint":9,"magistuarmory:hilt":4,"minecraft:smooth_sandstone_stairs":2,"minecraft:oak_log":19,"minecraft:gunpowder":6,"minecraft:lapis_lazuli":17,"minecraft:gray_concrete":1,"minecraft:dirt":1281,"minecraft:lantern":2,"minecraft:white_banner":2,"minecraft:orange_terracotta":1,"minecraft:cooked_mutton":31,"minecraft:smooth_sandstone":11,"minecraft:bone":64,"minecraft:gray_carpet":30,"minecraft:bow":2,"minecraft:wheat_seeds":127,"minecraft:raw_gold":11,"minecraft:stone_pickaxe":1,"minecraft:cooked_chicken":34,"minecraft:glowstone_dust":3,"minecraft:iron_sword":18,"minecraft:oak_planks":28,"minecraft:cooked_porkchop":60,"minecraft:dandelion":9,"minecraft:gravel":61,"magistuarmory:longbow":13,"minecraft:sand":1,"minecraft:spruce_log":8,"minecraft:white_bed":6,"minecraft:grass_block":3,"minecraft:green_carpet":3,"minecraft:spider_eye":2,"minecraft:firework_rocket":2,"magistuarmory:diamond_concavehalberd":1,"minecraft:light_blue_terracotta":1,"minecraft:diamond":2,"minecraft:stone_axe":5,"minecraft:lever":3,"minecraft:iron_helmet":6,"minecraft:crossbow":1,"minecraft:granite":12,"minecraft:emerald":70,"minecraft:bread":7,"minecraft:oak_sapling":12,"minecraft:coal":39,"minecraft:ender_pearl":2},"minecraft:broken":{"minecraft:iron_boots":1,"minecraft:wooden_pickaxe":1,"minecraft:stone_pickaxe":4,"minecraft:iron_sword":1,"minecraft:iron_pickaxe":1,"minecraft:iron_helmet":1,"minecraft:stone_shovel":2}},"DataVersion":3465}