{"stats":{"minecraft:killed":{"minecraft:cave_spider":5,"minecraft:spider":7,"minecraft:skeleton":21,"minecraft:guardian":3,"minecraft:chicken":2,"minecraft:magma_cube":7,"minecraft:pig":5,"minecraft:creeper":5,"minecraft:sheep":7,"minecraft:pillager":50,"minecraft:zombie":9,"minecraft:stray":1,"minecraft:ghast":4,"minecraft:cow":7,"minecraft:evoker":5,"minecraft:vex":2,"minecraft:vindicator":33,"minecraft:husk":21,"minecraft:hoglin":6,"minecraft:enderman":5},"minecraft:dropped":{"minecraft:iron_sword":10,"minecraft:lapis_lazuli":26,"minecraft:cooked_beef":8,"minecraft:baked_potato":10,"minecraft:glass_bottle":3,"minecraft:ender_pearl":1,"minecraft:cooked_porkchop":29,"minecraft:tide_armor_trim_smithing_template":1,"minecraft:cod":1,"minecraft:dirt":80,"minecraft:flint":9,"minecraft:emerald":127,"magistuarmory:longbow":9,"minecraft:cooked_cod":3,"minecraft:wet_sponge":1,"minecraft:iron_pickaxe":11,"mcwbridges:cobblestone_bridge":103,"minecraft:oak_door":11,"minecraft:stone_axe":2,"minecraft:lever":3,"minecraft:cooked_chicken":16,"minecraft:enchanted_golden_apple":4,"minecraft:cooked_mutton":5,"minecraft:carrot":17,"minecraft:arrow":6,"minecraft:written_book":1,"minecraft:iron_ingot":3,"minecraft:water_bucket":2,"minecraft:bread":21,"minecraft:wheat_seeds":2,"minecraft:golden_helmet":1,"minecraft:poisonous_potato":1,"minecraft:prismarine_crystals":4,"minecraft:prismarine_shard":11,"minecraft:iron_helmet":4,"minecraft:cobblestone":2,"minecraft:spruce_door":3,"minecraft:golden_apple":5,"minecraft:stick":1,"minecraft:milk_bucket":9,"minecraft:torch":15,"minecraft:smooth_quartz":102,"minecraft:cooked_salmon":1,"minecraft:iron_door":1,"minecraft:potion":5,"minecraft:iron_leggings":10,"minecraft:iron_axe":10,"minecraft:iron_shovel":1,"minecraft:string":8,"minecraft:gray_carpet":12,"minecraft:beetroot_soup":1,"magistuarmory:diamond_zweihander":3,"minecraft:stone_sword":1,"minecraft:bowl":2,"minecraft:raw_iron":1,"minecraft:iron_boots":7,"minecraft:totem_of_undying":4,"minecraft:shears":1,"minecraft:shield":3,"minecraft:iron_chestplate":10,"minecraft:light_gray_bed":1,"minecraft:sandstone":31,"minecraft:light_blue_terracotta":1},"minecraft:used":{"minecraft:iron_shovel":250,"minecraft:poppy":2,"minecraft:chest":15,"minecraft:shield":76,"minecraft:iron_sword":310,"minecraft:rotten_flesh":2,"minecraft:iron_chestplate":9,"minecraft:carrot":194,"minecraft:obsidian":10,"minecraft:snowball":1,"minecraft:azure_bluet":1,"minecraft:milk_bucket":6,"minecraft:lantern":2,"minecraft:grass_block":1,"minecraft:orange_shulker_box":2,"minecraft:iron_helmet":4,"minecraft:brown_carpet":3,"minecraft:blue_shulker_box":1,"minecraft:written_book":32,"minecraft:oak_sapling":6,"minecraft:furnace":5,"minecraft:egg":61,"minecraft:potato":44,"minecraft:spruce_door":6,"minecraft:stone_pickaxe":522,"minecraft:gray_carpet":17,"minecraft:oak_planks":79,"minecraft:ender_pearl":1,"minecraft:wooden_pickaxe":68,"minecraft:sugar_cane":69,"minecraft:smooth_quartz_stairs":1,"minecraft:cookie":5,"minecraft:golden_apple":6,"minecraft:mushroom_stew":2,"minecraft:gray_concrete":1,"minecraft:lingering_potion":6,"magistuarmory:longbow":39,"minecraft:light_gray_concrete":27,"minecraft:bread":6,"minecraft:polished_granite":1,"minecraft:gravel":69,"minecraft:iron_door":1,"minecraft:golden_helmet":1,"magistuarmory:diamond_concavehalberd":218,"minecraft:smooth_stone_slab":2,"minecraft:coarse_dirt":3,"minecraft:bone_meal":15,"minecraft:stone_sword":55,"minecraft:flint_and_steel":1,"minecraft:stone_shovel":287,"minecraft:dried_kelp":1,"minecraft:light_blue_terracotta":1,"minecraft:cooked_salmon":10,"minecraft:cooked_chicken":5,"minecraft:netherrack":40,"minecraft:oak_door":6,"minecraft:light_gray_shulker_box":1,"minecraft:torch":41,"minecraft:brewing_stand":1,"minecraft:dirt":804,"minecraft:white_carpet":3,"minecraft:shulker_box":6,"minecraft:red_shulker_box":1,"minecraft:iron_axe":149,"minecraft:iron_boots":8,"minecraft:smooth_quartz":23,"mcwbridges:cobblestone_bridge":573,"minecraft:cooked_beef":18,"minecraft:enchanted_golden_apple":3,"minecraft:beetroot_soup":6,"minecraft:iron_leggings":5,"minecraft:wheat_seeds":66,"minecraft:cooked_mutton":5,"minecraft:water_bucket":17,"minecraft:glass_bottle":4,"minecraft:yellow_shulker_box":2,"minecraft:baked_potato":46,"minecraft:cut_sandstone":1,"minecraft:black_shulker_box":9,"minecraft:cobblestone_slab":423,"minecraft:crafting_table":11,"minecraft:white_bed":17,"minecraft:painting":1,"minecraft:cake":2,"minecraft:oak_log":3,"minecraft:dark_prismarine":1,"minecraft:diamond_pickaxe":1122,"minecraft:oxeye_daisy":1,"minecraft:chicken":1,"minecraft:iron_pickaxe":545,"minecraft:stone_axe":24,"minecraft:green_carpet":3,"minecraft:cobblestone":47,"minecraft:potion":3,"minecraft:white_banner":3,"minecraft:cooked_porkchop":16,"minecraft:bucket":19,"minecraft:pumpkin_pie":5,"minecraft:purple_carpet":1,"minecraft:dandelion":6,"minecraft:smooth_stone":1},"minecraft:mined":{"minecraft:black_shulker_box":10,"minecraft:dark_prismarine_stairs":2,"minecraft:red_shulker_box":1,"minecraft:white_bed":13,"mcwbridges:cobblestone_bridge":20,"minecraft:obsidian":11,"minecraft:granite":12,"minecraft:grass_block":262,"minecraft:yellow_carpet":1,"minecraft:oxeye_daisy":1,"minecraft:red_stained_glass_pane":1,"minecraft:spawner":32,"minecraft:light_blue_stained_glass":4,"minecraft:smooth_stone":2,"minecraft:polished_blackstone_bricks":3,"minecraft:tall_seagrass":3,"minecraft:iron_ore":267,"minecraft:fire":27,"minecraft:dirt_path":4,"minecraft:water_cauldron":1,"minecraft:quartz_slab":5,"minecraft:purple_carpet":1,"minecraft:light_gray_concrete":121,"minecraft:green_carpet":4,"minecraft:smooth_sandstone_stairs":1,"minecraft:cut_sandstone":13,"minecraft:soul_wall_torch":1,"minecraft:brown_mushroom":5,"minecraft:quartz_block":356,"minecraft:red_bed":1,"minecraft:kelp_plant":49,"minecraft:soul_fire":2,"minecraft:polished_andesite_stairs":1,"minecraft:chest":12,"minecraft:white_stained_glass_pane":1,"minecraft:smooth_quartz_slab":4,"minecraft:glass":16,"minecraft:cobblestone":11,"minecraft:oak_planks":8,"minecraft:sugar_cane":192,"minecraft:iron_door":2,"minecraft:seagrass":7,"minecraft:light_blue_terracotta":23,"minecraft:wheat":41,"minecraft:birch_door":1,"minecraft:stone_brick_stairs":1,"minecraft:smooth_stone_slab":2,"minecraft:grass":136,"minecraft:oak_log":58,"minecraft:beetroots":17,"minecraft:dirt":208,"minecraft:sand":4,"minecraft:smooth_quartz":160,"minecraft:crimson_planks":2,"minecraft:blue_shulker_box":2,"minecraft:netherrack":81,"minecraft:oak_leaves":40,"minecraft:dark_prismarine":3,"minecraft:quartz_stairs":36,"minecraft:stripped_birch_log":6,"minecraft:sea_lantern":3,"minecraft:shulker_box":8,"minecraft:nether_bricks":4,"minecraft:brick_stairs":1,"minecraft:orange_shulker_box":4,"minecraft:kelp":7,"minecraft:sandstone":4,"minecraft:redstone_ore":1,"minecraft:carrots":51,"minecraft:light_gray_shulker_box":2,"minecraft:black_concrete":18,"minecraft:bookshelf":26,"minecraft:potatoes":18,"minecraft:cobblestone_slab":6,"minecraft:smooth_quartz_stairs":1,"minecraft:stone":883,"minecraft:yellow_shulker_box":2,"minecraft:birch_stairs":1,"minecraft:gray_concrete":1,"minecraft:brown_carpet":1,"minecraft:dandelion":1,"minecraft:polished_granite":1,"minecraft:smooth_sandstone":4,"minecraft:crafting_table":6,"minecraft:tall_grass":59,"minecraft:lapis_ore":2,"minecraft:polished_blackstone_brick_stairs":1,"minecraft:orange_carpet":1,"minecraft:prismarine_bricks":4,"minecraft:black_stained_glass":4,"minecraft:coarse_dirt":3,"minecraft:sea_pickle":3,"minecraft:ice":6,"minecraft:white_carpet":3,"minecraft:coal_ore":47,"minecraft:gravel":379,"minecraft:gray_carpet":16,"minecraft:cobweb":39,"minecraft:crimson_fence":1,"minecraft:gold_ore":9},"minecraft:crafted":{"minecraft:oak_planks":260,"minecraft:cobblestone_slab":924,"minecraft:cooked_chicken":6,"usefulbackpacks:backpack_small":1,"minecraft:cooked_mutton":15,"magistuarmory:diamond_zweihander":1,"minecraft:glass":3,"minecraft:diamond_helmet":1,"minecraft:bow":1,"minecraft:iron_boots":3,"magistuarmory:diamond_concavehalberd":1,"minecraft:chest":4,"magistuarmory:pole":1,"minecraft:glass_bottle":3,"minecraft:emerald":29,"magistuarmory:diamond_shortsword":1,"minecraft:cooked_porkchop":20,"minecraft:crafting_table":4,"minecraft:spruce_planks":32,"minecraft:iron_helmet":3,"minecraft:baked_potato":56,"minecraft:wooden_pickaxe":1,"minecraft:spruce_door":9,"minecraft:iron_chestplate":5,"minecraft:paper":207,"minecraft:diamond_pickaxe":1,"minecraft:shield":2,"minecraft:stick":68,"minecraft:iron_ingot":499,"minecraft:iron_pickaxe":4,"minecraft:iron_block":22,"minecraft:stone_sword":1,"minecraft:snow_block":33,"minecraft:gold_ingot":207,"minecraft:shears":1,"minecraft:golden_carrot":1,"minecraft:oak_door":21,"minecraft:stone_shovel":2,"minecraft:furnace":5,"minecraft:diamond":36,"minecraft:iron_axe":6,"magistuarmory:steel_ingot":28,"minecraft:stone_pickaxe":4,"minecraft:cobblestone_wall":414,"usefulbackpacks:backpack_medium":1,"minecraft:golden_helmet":2,"minecraft:cooked_beef":10,"minecraft:sugar":2,"minecraft:crossbow":2,"minecraft:iron_sword":4,"minecraft:bucket":14,"mcwbridges:cobblestone_bridge":828,"minecraft:stone_axe":1,"minecraft:bread":16,"minecraft:air":0,"minecraft:gold_nugget":9,"minecraft:fermented_spider_eye":2,"minecraft:iron_shovel":2,"minecraft:iron_leggings":6,"minecraft:white_bed":2},"minecraft:killed_by":{"minecraft:creeper":1,"minecraft:vindicator":4,"minecraft:elder_guardian":2,"minecraft:vex":7,"minecraft:player":3},"minecraft:custom":{"minecraft:animals_bred":52,"minecraft:interact_with_crafting_table":67,"minecraft:open_barrel":31,"minecraft:open_shulker_box":106,"minecraft:bell_ring":1,"minecraft:eat_cake_slice":6,"minecraft:damage_resisted":172,"minecraft:leave_game":14,"minecraft:time_since_death":6936,"minecraft:sprint_one_cm":1102585,"minecraft:damage_blocked_by_shield":3330,"minecraft:drop":223,"minecraft:talked_to_villager":78,"minecraft:play_time":617587,"minecraft:deaths":19,"minecraft:jump":6368,"minecraft:interact_with_brewingstand":13,"minecraft:walk_on_water_one_cm":54537,"minecraft:interact_with_furnace":146,"minecraft:traded_with_villager":29,"minecraft:interact_with_cartography_table":1,"minecraft:sleep_in_bed":37,"minecraft:damage_dealt":35938,"minecraft:crouch_one_cm":217909,"minecraft:interact_with_smoker":7,"minecraft:interact_with_smithing_table":1,"minecraft:interact_with_anvil":7,"minecraft:mob_kills":222,"minecraft:climb_one_cm":3198,"minecraft:walk_one_cm":2102257,"minecraft:raid_win":1,"minecraft:sneak_time":67149,"minecraft:walk_under_water_one_cm":132307,"minecraft:interact_with_blast_furnace":10,"minecraft:total_world_time":617587,"minecraft:time_since_rest":5557,"minecraft:damage_taken":16012,"minecraft:damage_absorbed":488,"minecraft:swim_one_cm":429825,"minecraft:fly_one_cm":1216366,"minecraft:open_chest":537,"minecraft:fall_one_cm":60657},"minecraft:picked_up":{"minecraft:iron_chestplate":21,"minecraft:wheat":58,"minecraft:light_gray_shulker_box":2,"minecraft:prismarine_shard":28,"minecraft:potion":16,"minecraft:enchanted_book":2,"minecraft:brewing_stand":2,"minecraft:polished_blackstone_brick_stairs":1,"minecraft:string":77,"minecraft:cooked_salmon":6,"minecraft:smooth_stone_slab":4,"minecraft:iron_leggings":21,"minecraft:beetroot_soup":8,"minecraft:beetroot":13,"minecraft:sea_pickle":12,"minecraft:tnt_minecart":2,"minecraft:black_shulker_box":11,"minecraft:smooth_stone":2,"minecraft:crimson_fence":1,"minecraft:spruce_planks":79,"minecraft:rose_bush":2,"minecraft:written_book":5,"minecraft:cobblestone_slab":153,"minecraft:ender_eye":2,"minecraft:smooth_quartz":422,"minecraft:iron_pickaxe":26,"minecraft:enchanted_golden_apple":3,"minecraft:smooth_quartz_stairs":1,"minecraft:iron_boots":19,"minecraft:tipped_arrow":1,"minecraft:golden_helmet":2,"minecraft:stick":60,"minecraft:orange_shulker_box":4,"minecraft:oak_fence":2,"minecraft:torch":385,"minecraft:porkchop":13,"minecraft:warped_door":3,"minecraft:cauldron":1,"minecraft:brown_carpet":3,"minecraft:quartz_block":902,"minecraft:stone_sword":2,"minecraft:light_gray_bed":2,"minecraft:rotten_flesh":47,"mcwbridges:cobblestone_bridge":786,"minecraft:netherite_chestplate":1,"minecraft:obsidian":10,"minecraft:cod":4,"minecraft:snowball":52,"minecraft:cobblestone":1026,"minecraft:cooked_beef":37,"minecraft:feather":7,"minecraft:iron_door":5,"minecraft:water_bucket":5,"magistuarmory:diamond_zweihander":2,"minecraft:potato":77,"minecraft:flint":39,"magistuarmory:hilt":4,"minecraft:smooth_sandstone_stairs":2,"minecraft:prismarine_bricks":6,"minecraft:gray_concrete":1,"minecraft:lapis_lazuli":17,"minecraft:stripped_birch_log":6,"minecraft:dirt":1326,"minecraft:lantern":2,"minecraft:polished_granite":1,"minecraft:purple_carpet":1,"minecraft:bone":74,"minecraft:bow":3,"minecraft:wheat_seeds":154,"minecraft:raw_gold":22,"minecraft:glowstone_dust":4,"minecraft:oak_planks":59,"minecraft:cooked_porkchop":119,"minecraft:poisonous_potato":1,"minecraft:sand":4,"minecraft:grass_block":4,"minecraft:shulker_box":10,"minecraft:dark_prismarine":3,"minecraft:light_gray_concrete":115,"minecraft:yellow_carpet":3,"minecraft:light_blue_terracotta":27,"minecraft:diamond":2,"minecraft:black_concrete":12,"minecraft:lever":3,"minecraft:crossbow":6,"minecraft:granite":12,"minecraft:golden_apple":5,"minecraft:emerald":89,"minecraft:bread":13,"minecraft:oak_sapling":13,"minecraft:netherrack":153,"minecraft:diamond_pickaxe":2,"minecraft:lingering_potion":25,"minecraft:coarse_dirt":3,"minecraft:crafting_table":8,"minecraft:chicken":3,"minecraft:brown_mushroom":5,"minecraft:wooden_pickaxe":1,"usefulbackpacks:backpack_medium":4,"minecraft:shield":15,"minecraft:red_bed":1,"minecraft:iron_axe":27,"minecraft:flint_and_steel":1,"minecraft:quartz_slab":15,"minecraft:white_carpet":3,"minecraft:iron_shovel":10,"minecraft:dark_prismarine_stairs":1,"minecraft:music_disc_otherside":1,"minecraft:beef":16,"minecraft:poppy":9,"minecraft:light_gray_wool":2,"minecraft:quartz_stairs":103,"minecraft:blue_shulker_box":2,"minecraft:sugar_cane":278,"minecraft:chest":15,"minecraft:egg":60,"minecraft:dark_oak_sapling":6,"minecraft:raw_iron":266,"minecraft:sandstone":56,"minecraft:bowl":5,"minecraft:polished_blackstone_bricks":3,"minecraft:cake":1,"minecraft:cookie":5,"minecraft:carrot":246,"minecraft:redstone":6,"minecraft:prismarine_crystals":22,"minecraft:stone_shovel":1,"minecraft:arrow":206,"minecraft:red_shulker_box":1,"minecraft:diamond_chestplate":1,"minecraft:cooked_cod":8,"minecraft:beetroot_seeds":52,"minecraft:pumpkin_pie":8,"minecraft:nether_bricks":4,"minecraft:diamond_boots":3,"minecraft:totem_of_undying":20,"minecraft:gold_ingot":4,"minecraft:brick_stairs":1,"minecraft:mutton":10,"minecraft:rail":4,"minecraft:white_wool":21,"minecraft:wet_sponge":2,"minecraft:oxeye_daisy":1,"minecraft:yellow_shulker_box":4,"minecraft:cut_sandstone":2,"minecraft:leather":11,"minecraft:mushroom_stew":2,"minecraft:oak_log":64,"minecraft:gunpowder":7,"minecraft:white_banner":9,"minecraft:orange_terracotta":1,"minecraft:cooked_mutton":36,"minecraft:smooth_sandstone":11,"minecraft:apple":5,"minecraft:gray_carpet":37,"minecraft:kelp":385,"minecraft:iron_ingot":14,"minecraft:stone_pickaxe":1,"minecraft:cooked_chicken":34,"minecraft:glass_bottle":3,"minecraft:iron_sword":19,"minecraft:book":90,"minecraft:polished_andesite_stairs":1,"minecraft:milk_bucket":3,"minecraft:dandelion":10,"minecraft:gravel":429,"magistuarmory:longbow":19,"minecraft:soul_torch":22,"minecraft:white_bed":14,"minecraft:spruce_log":8,"minecraft:green_carpet":3,"minecraft:spider_eye":4,"minecraft:firework_rocket":2,"minecraft:stone_axe":6,"minecraft:tide_armor_trim_smithing_template":2,"magistuarmory:diamond_concavehalberd":6,"minecraft:iron_helmet":12,"minecraft:painting":2,"minecraft:smooth_quartz_slab":3,"minecraft:coal":47,"minecraft:ender_pearl":3},"minecraft:broken":{"minecraft:iron_shovel":1,"minecraft:iron_chestplate":1,"minecraft:iron_boots":2,"minecraft:stone_pickaxe":4,"minecraft:iron_sword":1,"minecraft:stone_shovel":2,"minecraft:wooden_pickaxe":1,"minecraft:iron_pickaxe":1,"minecraft:iron_helmet":2}},"DataVersion":3465}