{"stats":{"minecraft:killed":{"minecraft:evoker":1,"minecraft:vex":2,"minecraft:cave_spider":5,"minecraft:spider":6,"minecraft:vindicator":7,"minecraft:skeleton":19,"minecraft:chicken":1,"minecraft:husk":21,"minecraft:pig":5,"minecraft:creeper":2,"minecraft:sheep":2,"minecraft:pillager":2,"minecraft:zombie":6,"minecraft:enderman":4,"minecraft:cow":3},"minecraft:dropped":{"minecraft:iron_sword":5,"minecraft:baked_potato":10,"minecraft:ender_pearl":1,"minecraft:cooked_porkchop":6,"minecraft:iron_helmet":2,"minecraft:cobblestone":2,"minecraft:emerald":9,"magistuarmory:longbow":4,"minecraft:dirt":80,"minecraft:smooth_quartz":102,"minecraft:iron_door":1,"minecraft:iron_leggings":5,"minecraft:iron_axe":4,"minecraft:iron_pickaxe":7,"minecraft:iron_shovel":1,"minecraft:string":8,"mcwbridges:cobblestone_bridge":103,"minecraft:gray_carpet":12,"minecraft:stone_axe":1,"minecraft:lever":3,"minecraft:cooked_chicken":16,"minecraft:stone_sword":1,"minecraft:raw_iron":1,"minecraft:iron_boots":6,"minecraft:totem_of_undying":4,"minecraft:shears":1,"minecraft:shield":3,"minecraft:iron_chestplate":6,"minecraft:light_gray_bed":1,"minecraft:arrow":2,"minecraft:written_book":1},"minecraft:used":{"minecraft:stone_sword":55,"minecraft:iron_shovel":1,"minecraft:stone_shovel":287,"minecraft:poppy":1,"minecraft:chest":8,"minecraft:shield":65,"minecraft:iron_sword":237,"minecraft:cooked_chicken":1,"minecraft:rotten_flesh":2,"minecraft:torch":12,"minecraft:iron_chestplate":1,"minecraft:dirt":681,"minecraft:carrot":66,"minecraft:lantern":2,"minecraft:iron_axe":30,"minecraft:grass_block":1,"minecraft:iron_helmet":2,"minecraft:iron_boots":2,"minecraft:smooth_quartz":2,"minecraft:brown_carpet":1,"minecraft:written_book":28,"minecraft:oak_sapling":5,"minecraft:furnace":5,"mcwbridges:cobblestone_bridge":200,"minecraft:egg":36,"minecraft:cooked_beef":10,"minecraft:potato":20,"minecraft:iron_leggings":2,"minecraft:wheat_seeds":37,"minecraft:cooked_mutton":1,"minecraft:water_bucket":1,"minecraft:baked_potato":46,"minecraft:stone_pickaxe":522,"minecraft:oak_planks":12,"minecraft:wooden_pickaxe":68,"minecraft:cobblestone_slab":423,"minecraft:cut_sandstone":1,"minecraft:sugar_cane":56,"minecraft:crafting_table":9,"minecraft:white_bed":8,"minecraft:gray_concrete":1,"minecraft:oak_log":3,"minecraft:iron_pickaxe":299,"minecraft:stone_axe":17,"minecraft:cobblestone":21,"minecraft:white_banner":1,"minecraft:cooked_porkchop":3,"minecraft:dandelion":5},"minecraft:mined":{"minecraft:white_bed":6,"mcwbridges:cobblestone_bridge":12,"minecraft:granite":12,"minecraft:grass_block":254,"minecraft:sandstone":3,"minecraft:spawner":10,"minecraft:redstone_ore":1,"minecraft:carrots":17,"minecraft:iron_ore":264,"minecraft:potatoes":18,"minecraft:cobblestone_slab":6,"minecraft:water_cauldron":1,"minecraft:green_carpet":4,"minecraft:smooth_sandstone_stairs":1,"minecraft:stone":424,"minecraft:cut_sandstone":13,"minecraft:gray_concrete":1,"minecraft:red_bed":1,"minecraft:smooth_sandstone":4,"minecraft:crafting_table":6,"minecraft:chest":7,"minecraft:tall_grass":51,"minecraft:cobblestone":5,"minecraft:lapis_ore":2,"minecraft:oak_planks":1,"minecraft:sugar_cane":32,"minecraft:iron_door":1,"minecraft:black_stained_glass":4,"minecraft:wheat":18,"minecraft:ice":1,"minecraft:white_carpet":3,"minecraft:grass":123,"minecraft:coal_ore":39,"minecraft:oak_log":8,"minecraft:beetroots":17,"minecraft:sand":1,"minecraft:smooth_quartz":37,"minecraft:dirt":183,"minecraft:gray_carpet":6,"minecraft:cobweb":39,"minecraft:gold_ore":9,"minecraft:oak_leaves":36},"minecraft:crafted":{"minecraft:oak_planks":84,"minecraft:cobblestone_slab":540,"minecraft:stone_shovel":2,"minecraft:cooked_chicken":6,"minecraft:furnace":5,"minecraft:cooked_mutton":6,"minecraft:bow":1,"minecraft:iron_boots":2,"minecraft:iron_axe":3,"minecraft:stone_pickaxe":4,"minecraft:cobblestone_wall":180,"minecraft:cooked_beef":10,"minecraft:cooked_porkchop":7,"minecraft:crafting_table":2,"minecraft:iron_helmet":2,"minecraft:wooden_pickaxe":1,"minecraft:baked_potato":56,"minecraft:iron_sword":3,"mcwbridges:cobblestone_bridge":360,"minecraft:stone_axe":1,"minecraft:air":0,"minecraft:iron_chestplate":2,"minecraft:shield":2,"minecraft:stick":64,"minecraft:iron_ingot":144,"minecraft:iron_pickaxe":3,"minecraft:stone_sword":1,"minecraft:iron_shovel":1,"minecraft:iron_leggings":2,"minecraft:white_bed":2,"minecraft:shears":1},"minecraft:killed_by":{"minecraft:player":1,"minecraft:creeper":1,"minecraft:vindicator":3,"minecraft:vex":2},"minecraft:custom":{"minecraft:mob_kills":92,"minecraft:animals_bred":23,"minecraft:interact_with_crafting_table":28,"minecraft:open_barrel":2,"minecraft:bell_ring":1,"minecraft:leave_game":7,"minecraft:time_since_death":7526,"minecraft:climb_one_cm":824,"minecraft:sprint_one_cm":446031,"minecraft:walk_one_cm":979628,"minecraft:damage_blocked_by_shield":2560,"minecraft:drop":110,"minecraft:talked_to_villager":17,"minecraft:play_time":260501,"minecraft:sneak_time":36319,"minecraft:deaths":8,"minecraft:walk_under_water_one_cm":8007,"minecraft:jump":2628,"minecraft:walk_on_water_one_cm":13867,"minecraft:total_world_time":260501,"minecraft:interact_with_furnace":68,"minecraft:interact_with_cartography_table":1,"minecraft:sleep_in_bed":14,"minecraft:time_since_rest":7109,"minecraft:damage_taken":6313,"minecraft:damage_dealt":14955,"minecraft:swim_one_cm":48107,"minecraft:fly_one_cm":431964,"minecraft:open_chest":133,"minecraft:crouch_one_cm":135264,"minecraft:interact_with_smoker":1,"minecraft:fall_one_cm":23549},"minecraft:picked_up":{"minecraft:iron_chestplate":13,"minecraft:crafting_table":8,"minecraft:wheat":36,"minecraft:chicken":1,"minecraft:wooden_pickaxe":1,"minecraft:potion":3,"minecraft:shield":9,"minecraft:string":75,"minecraft:red_bed":1,"minecraft:iron_axe":11,"minecraft:flint_and_steel":1,"minecraft:iron_leggings":10,"minecraft:white_carpet":3,"minecraft:iron_shovel":6,"minecraft:beetroot":13,"minecraft:tnt_minecart":2,"minecraft:music_disc_otherside":1,"minecraft:beef":9,"minecraft:rose_bush":2,"minecraft:written_book":5,"minecraft:cobblestone_slab":153,"minecraft:ender_eye":1,"minecraft:smooth_quartz":256,"minecraft:poppy":7,"minecraft:iron_pickaxe":16,"minecraft:light_gray_wool":2,"minecraft:sugar_cane":56,"minecraft:chest":8,"minecraft:iron_boots":11,"minecraft:egg":35,"minecraft:stick":9,"minecraft:raw_iron":263,"minecraft:sandstone":23,"minecraft:oak_fence":2,"minecraft:torch":200,"minecraft:porkchop":13,"minecraft:carrot":83,"minecraft:redstone":4,"minecraft:cauldron":1,"minecraft:brown_carpet":1,"minecraft:stone_sword":2,"minecraft:stone_shovel":1,"minecraft:arrow":51,"minecraft:light_gray_bed":2,"minecraft:rotten_flesh":43,"mcwbridges:cobblestone_bridge":778,"minecraft:beetroot_seeds":51,"minecraft:gold_ingot":4,"minecraft:totem_of_undying":11,"minecraft:mutton":4,"minecraft:rail":4,"minecraft:white_wool":13,"minecraft:cobblestone":568,"minecraft:feather":2,"minecraft:cooked_beef":21,"minecraft:iron_door":2,"minecraft:water_bucket":1,"minecraft:cut_sandstone":2,"minecraft:leather":4,"minecraft:potato":66,"minecraft:smooth_sandstone_stairs":2,"minecraft:oak_log":14,"minecraft:gunpowder":6,"minecraft:lapis_lazuli":17,"minecraft:gray_concrete":1,"minecraft:dirt":1194,"minecraft:lantern":2,"minecraft:white_banner":1,"minecraft:orange_terracotta":1,"minecraft:cooked_mutton":22,"minecraft:smooth_sandstone":11,"minecraft:bone":64,"minecraft:gray_carpet":21,"minecraft:bow":2,"minecraft:wheat_seeds":94,"minecraft:raw_gold":11,"minecraft:stone_pickaxe":1,"minecraft:cooked_chicken":27,"minecraft:glowstone_dust":3,"minecraft:iron_sword":15,"minecraft:oak_planks":28,"minecraft:cooked_porkchop":38,"minecraft:dandelion":9,"magistuarmory:longbow":7,"minecraft:sand":1,"minecraft:white_bed":6,"minecraft:grass_block":3,"minecraft:green_carpet":3,"minecraft:spider_eye":2,"minecraft:firework_rocket":2,"minecraft:diamond":2,"minecraft:stone_axe":5,"minecraft:lever":3,"minecraft:iron_helmet":3,"minecraft:granite":12,"minecraft:emerald":56,"minecraft:bread":7,"minecraft:oak_sapling":12,"minecraft:coal":39,"minecraft:ender_pearl":2},"minecraft:broken":{"minecraft:wooden_pickaxe":1,"minecraft:stone_pickaxe":4,"minecraft:iron_sword":1,"minecraft:iron_pickaxe":1,"minecraft:iron_helmet":1,"minecraft:stone_shovel":2}},"DataVersion":3465}